track_id,track_name,artist_name,tags,label,weight
0wavGRldH0AWyu2zvTz8zb,Sweet Nothing,Taylor Swift,"pop,singer-songwriter,female vocalists,beautiful,Ballad,country,pop,female vocalists,singer-songwriter,acoustic,country pop,taylor swift,american,snake,pop rock",1,1
3AVrVz5rK8Hrqo9YGiVGN5,Apocalypse,Cigarettes After Sex,"dream pop,indie,slowcore,indie rock,pop,dream pop,shoegaze,slowcore,Lo-Fi,indie,american,ambient pop,indie pop,ambient,pop",1,1
78Sw5GDo6AlGwTwanjXbGh,Here With Me,d4vd,"indie,instrumental,slow,sad,Hi,pop,rnb,dream pop,rock,indie rock,indie pop,indie,bedroom pop,USA,Neo-Soul",1,1
3l3iCfpZsxbxWJhYoiQNkD,The Feels,Labrinth,"electronic,british,rnb,dance,r&b,pop,Grime,dubstep,UK,Hip-Hop",1,1
2WNHUp4s806SJrsj698ZX3,That’s Not How This Works (feat. Dan + Shay & Sabrina Carpenter) - Sabrina’s Version,Charlie Puth,"pop,rnb,soul,american,USA,male vocalists,singer-songwriter,Jung Kook,All,Singer/Songwriter",1,1
5YbGrhQCpOT4aOTlFgACke,SunKissing,Hailee Steinfeld,"pop,female vocalists,dance,teen pop,american,my top songs,dance pop,USA,Hailee Steinfeld,teen",1,1
6rZVy6FIG7lSJQMFXHo12z,New Romantics,Taylor Swift,"pop,why on earth is this just a bonus track,love at first listen,synthpop,fave fave fave,country,pop,female vocalists,singer-songwriter,acoustic,country pop,taylor swift,american,snake,pop rock",1,1
1R0a2iXumgCiFb7HEZ7gUE,Don’t Blame Me,Taylor Swift,"pop,electropop,gospel,EDM,taylor swift,country,pop,female vocalists,singer-songwriter,acoustic,country pop,taylor swift,american,snake,pop rock",1,1
4R2kfaDFhslZEMJqAFNpdd,cardigan,Taylor Swift,"folk pop,folk,chamber pop,singer-songwriter,indie,country,pop,female vocalists,singer-songwriter,acoustic,country pop,taylor swift,american,snake,pop rock",1,1
3CeCwYWvdfXbZLXFhBrbnf,Love Story (Taylor’s Version),Taylor Swift,"country,overrated,country pop,rock,Love,country,pop,female vocalists,singer-songwriter,acoustic,country pop,taylor swift,american,snake,pop rock",1,1
4P9Q0GojKVXpRTJCaL3kyy,All Of The Girls You Loved Before,Taylor Swift,"lover,pop,dream pop,synthpop,female vocalists,country,pop,female vocalists,singer-songwriter,acoustic,country pop,taylor swift,american,snake,pop rock",1,1
10eBRyImhfqVvkiVEGf0N0,Enchanted,Taylor Swift,"country,pop,taylor swift,Love,country pop,country,pop,female vocalists,singer-songwriter,acoustic,country pop,taylor swift,american,snake,pop rock",1,1
4DHcnVTT87F0zZhRPYmZ3B,Flowers,Miley Cyrus,"pop,2023,Disco,soft rock,2020s,pop,female vocalists,dance,Disney,guilty pleasure,Miley Cyrus,pop rock,urban,better than selena gomez,american",1,1
6pn5dBDetgg4rojbzIxH7v,Body Better,Maisie Peters,"pop,folk,my top songs,indie pop,indie,female vocalists,british,singer-songwriter,alt z,UK Pop",1,1
6uvh0In7u1Xn4HgxOfAn8O,Matilda,Harry Styles,"sad,pop rock,pop,folk,Ballad,pop,rock,pop rock,alternative,british,soft rock,indie,folk,one direction,bisexual",1,1
05kJkr80XEaZeN8kxyQoFp,Lavender Haze - Acoustic Version,Taylor Swift,"country,pop,female vocalists,singer-songwriter,acoustic,country pop,taylor swift,american,snake,pop rock",1,1
73CMRj62VK8nUS4ezD2wvi,Set Fire to the Rain,Adele,"soul,pop,female vocalists,Adele,british,soul,female vocalists,british,singer-songwriter,indie,pop,jazz,Adele,female vocalist,UK",1,1
2dHHgzDwk4BJdRwy9uXhTO,Creepin' (with The Weeknd & 21 Savage),Metro Boomin,"The Weeknd,trap,rap,Metro Boomin,21 savage,trap,rap,Hip-Hop,hip hop,Southern Hip Hop,pop rap,Gangsta Rap,C,american,rnb",1,1
70t7Q6AYG6ZgTYmJWcnkUM,I AM,IVE,"electropop,k-pop,2023,dance-pop,soty,k-pop,Korean,Kpop,pop,female vocalists,girl group,electropop,ive,kpop girl group,k-pop girl group",1,1
2gMXnyrvIjhVBUZwvLZDMP,Before You Go,Lewis Capaldi,"indie pop,alternative,indie,acoustic,Acoustic Rock,pop,Scottish,singer-songwriter,pop rock,alternative,UK,male vocalists,Blue-Eyed Soul,indie pop,indie",1,1
5Y35SjAfXjjG0sFQ3KOxmm,Nobody Gets Me,SZA,"essaehdagiselledapandlr,pop rock,folk,country,acoustic,rnb,soul,electronic,alternative rnb,Neo-Soul,female vocalists,alternative,american,pop,Hip-Hop",1,1
3iBgrkexCzVuPy4O9vx7Mf,Glue Song,beabadoobee,"singer-songwriter,chamber pop,chamber folk,Love,lounge,indie pop,indie rock,indie,bedroom pop,dream pop,alternative rock,female vocalists,Lo-Fi,philippines,alternative",1,1
5kUqU9uLc98ndpJiqieN8K,Bruises,Reneé Rapp,"my top songs,pop,USA,american,alt-pop,rnb,female vocalists,lesbian,actress,indie",1,1
7BKLCZ1jbUBVqRi2FVlTVw,Closer,The Chainsmokers,"2016,pop,EDM,electropop,future bass,electronic,pop,House,electro house,dance,american,EDM,dj,electropop,alternative dance",1,1
6g5ToBz8mGURaauPqfyYvU,lovebomb,Nessa Barrett,"pop,my top songs,pop rock,electropop,american,singer-songwriter,electronic,female vocalists,rutracker,nessa barrett",1,1
4rHZZAmHpZrA3iH5zx8frV,Mirrors,Justin Timberlake,"pop,epic,best of 2013,Justin Timberlake,2013,pop,rnb,dance,male vocalists,Hip-Hop,american,r&b,Justin Timberlake,soul,hip hop",1,1
7oTE1KmtU2ml9zBhv9Reao,California,Lana Del Rey,"soft rock,singer-songwriter,art pop,rock,psychedelic,indie,female vocalists,indie pop,pop,alternative,dream pop,american,singer-songwriter,trip-hop,sadcore",1,1
4HcARAxzsbIB3MqiEkejM6,Locksmith,Sadie Jean,"my top songs,pop,singer-songwriter,american,female vocalists,California,america",1,1
4x5YzxjrF9wvIIXJV7TveC,Till Forever Falls Apart,Ashe,"my top songs,future garage,trip hop,microhouse,downtempo,ambient house,indie pop,indie,pop,USA,Gothic",1,1
172zA5Yn0YzayQWvEJuGAm,summertime,cinnamons,"acoustic,indonesian,female vocalists,easy listening,female vocalist,folk,alternative,EPIC WIN,female guitar player,underrated",1,1
5XeFesFbtLpXzIVDNQP22n,I Wanna Be Yours,Arctic Monkeys,"indie rock,alternative,indie,british,rock,indie rock,indie,british,alternative,rock,alternative rock,britpop,Garage Rock,Post-punk revival,post-punk",1,1
2gYj9lubBorOPIVWsTXugG,After LIKE,IVE,"k-pop,Disco,WSUM 91.7 FM Madison,Kpop,Pop Court with manda m,k-pop,Korean,Kpop,pop,female vocalists,girl group,electropop,ive,kpop girl group,k-pop girl group",1,1
3mGkPsZbHEBf8ZT1ExZnww,Scent of a Woman: Tango (Por Una Cabeza),Carlos Gardel,"tango,argentina,tango argentino,latin,oldies,argentinian,30s,male vocalists,Buenos Aires,20s",1,1
6DtB9RsejUWAed3YgiuFWB,"Por una cabeza - From ""Scent Of A Woman""",Andrea Bocelli,"Classical,opera,italian,male vocalists,andrea bocelli,tenor,pop,Italy,classic,classical crossover",1,1
5jQI2r1RdgtuT8S3iG8zFC,Lavender Haze,Taylor Swift,"pop,synthpop,dream pop,overrated,alt-pop,country,pop,female vocalists,singer-songwriter,acoustic,country pop,taylor swift,american,snake,pop rock",1,1
1oew3nFNY3vMacJAsvry0S,Me And My Broken Heart,Rixton,"love at first listen,pop,2014,british,male vocalists,pop,british,pop rock,rock,rnb,r&b,english,United Kingdom,male vocalists,band",1,1
5UY8jf31X2hJkiAualFTyh,Selfish,Madison Beer,"pop,female vocalists,rnb,indie,my top songs,female vocalist,indie pop,USA,american,madison beer",1,1
7eB1V5LvAdxCc7brfGhRRo,watch,Billie Eilish,"peter,pop,contemporary rnb,indie,Songs i like to play whilst walking down the street at night music,pop,indie pop,electropop,art pop,alternative,female vocalists,indie,electronic,alternative rnb,ambient pop",1,1
3zkyus0njMCL6phZmNNEeN,LET GO,Central Cee,"rap,drill,Hip-Hop,hip hop,UK Drill,Grime,UK,UK rap,UK hip hop,Hammersmith and Fulham",1,1
63mdJr3NMY3wReOkNE6c6W,People You Know,Selena Gomez,"pop,dance-pop,electropop,contemporary rnb,my top songs,pop,female vocalists,Disney,pop rock,dance,Selena Gomez,american,electropop,teen pop,rnb",1,1
1BxfuPKGuaTgP7aM0Bbdwr,Cruel Summer,Taylor Swift,"electropop,pop,synthpop,industrial pop,pop perfection,country,pop,female vocalists,singer-songwriter,acoustic,country pop,taylor swift,american,snake,pop rock",1,1
0BiqmkasE5FdrChwKfVp8X,Bigger Than The Whole Sky,Taylor Swift,"pop,synthpop,Ballad,singer-songwriter,sad,country,pop,female vocalists,singer-songwriter,acoustic,country pop,taylor swift,american,snake,pop rock",1,1
06vNG6CiV4k8oNA0wUUAO7,Until I Found You - Piano Version,Stephen Sanchez,"folk,indie pop,singer-songwriter,indie,folk pop,USA,pop,my top songs,jazz,soul",1,1
6Szgu8v7CAapag3XuuJX0b,Too Well,Reneé Rapp,"electropop,my top songs,pop,USA,american,alt-pop,rnb,female vocalists,lesbian,actress,indie",1,1
2Y67qsABsPKMrvCxPCzL6r,We Go Down Together (with Khalid),Dove Cameron,"pop,Disney,female vocalists,american,my top songs,USA,queer,better than selena gomez,gay pop,disney channel",1,1
3TcL0dyCMyr0kyTTc4NLgI,Who Says,Selena Gomez & The Scene,"pop,love at first listen,Selena Gomez,cute,Love,pop,female vocalists,pop rock,Disney,Selena Gomez,dance,rock,american,electronic,teen pop",1,1
6dgUya35uo964z7GZXM07g,Nonsense,Sabrina Carpenter,"pop,rnb,contemporary rnb,vocal,teen pop,pop,female vocalists,rnb,american,my top songs,Disney,USA,teen pop,Sabrina Carpenter,pop rock",1,1
7bal8JfR3tSB9Qgf7wAGPL,Girl Like Me,Dove Cameron,"pop,Disney,female vocalists,american,my top songs,USA,queer,better than selena gomez,gay pop,disney channel",1,1
46u5B2WN4wryYLZuMAOmI4,Hurts So Good,Astrid S,"pop,norwegian,female vocalists,electronic,Norway,electropop,nordic,astrid s,skam,Norge",1,1
1G1R0XgChe18Zr1o6tlmN6,Watercolor Eyes - From “Euphoria” An HBO Original Series,Lana Del Rey,"indie,female vocalists,indie pop,pop,alternative,dream pop,american,singer-songwriter,trip-hop,sadcore",1,1
0KKkJNfGyhkQ5aFogxQAPU,That's What I Like,Bruno Mars,"funk,rnb,new jack swing,2010s,2016,pop,rnb,male vocalists,r&b,slow jams,soul,Bruno Mars,american,singer-songwriter,reggae",1,1
0OlnLZY4cmQzT6ZGttvWBM,So Far Away (feat. Jamie Scott & Romy Dya),Martin Garrix,"House,electronic,dance,electropop,pop,electro house,dutch,Progressive House,EDM,big room",1,1
1X1DWw2pcNZ8zSub3uhlNz,Hall of Fame (feat. will.i.am),The Script,"pop rock,pop,rock,my top songs,2010s,pop rock,rock,irish,pop,acoustic,indie,alternative,alternative rock,The Script,male vocalists",1,1
4vp2J1l5RD4gMZwGFLfRAu,I Gotta Feeling,Black Eyed Peas,"pop,dance,black eyed peas,electronic,hip hop,Hip-Hop,pop,rnb,rap,hip hop,dance,american,electronic,black eyed peas,funk",1,1
7ABUiQBM8cjktnp6QLTTaT,On My Knees,RÜFÜS DU SOL,australian,1,1
4pi1G1x8tl9VfdD9bL3maT,Big Energy,Latto,"rap,Hip-Hop,trap,atlanta,Trap Queen,Southern Hip Hop,female vocalist,hip hop,american,female rap",1,1
2Ch7LmS7r2Gy2kc64wv3Bz,Die For You,The Weeknd,"rnb,pop,synthpop,Ballad,electropop,rnb,electronic,dubstep,Canadian,prog-rnb,pop,r&b,alternative rnb,soul,Hip-Hop",1,1
5qxPabNDnJQ551Tf4v6k3j,Catch My Breath,Kelly Clarkson,"pop,female vocalists,pop rock,rock,Kelly Clarkson,American Idol,american,singer-songwriter,female vocalist,alternative",1,1
6k27TAUHc5SnD8EZREnRzF,春娇与志明,街道办GDC,,1,1
3QRFb7LFkoarjPkHk64UFD,该怎么说再见,胜屿,,1,1
0u8esRFnkWUoP4oWehmJ6i,迷失幻境,In K,,1,1
0gjAAo9KNVG2wFx6h2LIXk,落日与晚风,In K,,1,1
1Lgw7kcOJa2YW7Rh7r7aP3,旧梦一场,阿悠悠,"MONDO POP,C-pop",1,1
5ZiMscIUd9Gozq4JFPnlJQ,"起风了 - 电视剧""加油你是最棒的""主题曲",吳青峰,"alternative,taiwanese,chinese,mandopop,rock,psychedelic,experimental,C-pop,China,art pop",1,1
0F4IKZU7I3tWXyJIlqhtqU,追光者 (電視劇《夏至未至》插曲),Yoyo Sham,China,1,1
0Wu3hNaLyWVM4xZYRiVi8s,画离弦,海伦,,1,1
1N1cLClnWhZRTuZR2TCam6,篇章,Angela Chang,"chinese,C-pop,pop,female vocalists,taiwanese,cpop,taiwan,Asian,female vocalist,female",1,1
5odlY52u43F5BjByhxg7wg,golden hour,JVKE,"piano,pop,the rapping is so good,would have been better without the rapping,romantic lyrics,pop,indie pop,my top songs,indie,USA,american,Classical,beautiful,christian,cute",1,1
3r8RuvgbX9s7ammBn07D3W,Ditto,NewJeans,"k-pop,baltimore club,Kpop,atlanta bass,pop,k-pop,Kpop,rnb,pop,Korean,girl group,dance-pop,future bass,baltimore club,2-step",1,1
3SnD4nBGqUk6Tqdj1HnxxA,Venting to Strangers,EMELINE,"pop,electronic,metalcore,USA,american,post-hardcore,female vocalists,booba,singles,multiple artists",1,1
2EBCVPNAG46nbgs6jXPGvv,Starships,Nicki Minaj,"pop,dance,nicki minaj,party,love at first listen,Hip-Hop,rap,rnb,pop,hip hop,female vocalists,sexy,nicki minaj,american,dance",1,1
0VfSrlmhPnrTvyd3IbKJlB,The End,Thomas Day,"UK,pop,british",1,1
2hlM7pRlEJuukvzCsJF6JF,If I Died Last Night,Jessie Murph,"pop,country,Passion of Discovery,indie,USA,indie pop,Hip-Hop,indie rock,alt-pop,rnb",1,1
06V8tMMLJS1lNNejvWFzDt,Not OK,Robert Grace,"pop,irish,ireland",1,1
4TgyIbBZCW0UIwS8eua06z,Hate You,Jordi,"pop,spanish,Ballad,latin pop,multiple artists named Jordi,dance-pop,spain",1,1
1wtOxkiel43cVs0Yux5Q4h,Snow On The Beach (feat. Lana Del Rey),Taylor Swift,"dream pop,pop,Ballad,chill,Mellow,country,pop,female vocalists,singer-songwriter,acoustic,country pop,taylor swift,american,snake,pop rock",1,1
23L5CiUhw2jV1OIMwthR3S,In the Name of Love,Martin Garrix,"future bass,EDM,2016,pop,2010s,House,electronic,dance,electropop,pop,electro house,dutch,Progressive House,EDM,big room",1,1
7Feaw9WAEREY0DUOSXJLOM,Summer Days (feat. Macklemore & Patrick Stump of Fall Out Boy),Martin Garrix,"House,electronic,dance,electropop,pop,electro house,dutch,Progressive House,EDM,big room",1,1
1YYhDizHx7PnDhAhko6cDS,"Take Me Home, Country Roads - Original Version",John Denver,"country,folk,singer-songwriter,acoustic,classic rock,70s,John Denver,american,oldies,male vocalists",1,1
7AYP21Q4qnxw2WxETEvSRb,Memories,Conan Gray,"pop rock,psychedelic,folk,pop,indie rock,pop,indie pop,my top songs,indie,american,male vocalists,USA,teenager,yearning,etheral",1,1
3uwnnTQcHM1rDqSfA4gQNz,Cool for the Summer,Demi Lovato,"5 Stars,pop,summer,pop rock,2015,pop,pop rock,female vocalists,Disney,guilty pleasure,rock,Demi Lovato,american,teen pop,singer-songwriter",1,1
3Z8FwOEN59mRMxDCtb8N0A,Be Kind (with Halsey),Marshmello,"electronic,dance,EDM,trap,pop,american,future bass,rap,dj,rnb",1,1
5K6Ssv4Z3zRvxt0P6EKUAP,Heartbreak Anthem (with David Guetta & Little Mix),Galantis,"House,electronic,dance,pop,swedish,EDM,All,electro house,dance-pop,Sweden",1,1
5vTPxzm4h2bY9rYyVrGEU5,Really Don't Care,Demi Lovato,"pop,pop rock,female vocalists,Disney,guilty pleasure,rock,Demi Lovato,american,teen pop,singer-songwriter",1,1
4TZ2Ub8bZh4LTs06eANDXa,Lights - Sped Up Version,Ellie Goulding,"female vocalists,electronic,british,indie,indie pop,pop,synthpop,electropop,singer-songwriter,folktronica",1,1
2FY7b99s15jUprqC0M5NCT,Natural,Imagine Dragons,"rock,2018,alternative rock,indie,2010s,indie,indie rock,alternative,rock,indie pop,alternative rock,american,pop,pop rock,male vocalists",1,1
2T4p2eGYnMv8NT7rGJYGlu,Titanium,Madilyn Bailey,"pop,alternative rock,female vocalists,covers,USA,indie pop,indie,singer-songwriter,alternative,female vocalist",1,1
3X003bO0MMxXEsJJxidiig,How Long Will I Love You,Ellie Goulding,"female vocalists,electronic,british,indie,indie pop,pop,synthpop,electropop,singer-songwriter,folktronica",1,1
5Hp4xFihdOE2dmDzxWcBFb,All By Myself,Alok,"electronic,brazilian,EDM,House,dance,dj,brazil,C,Brazilian bass,pop",1,1
50tmSBLbNVXMf7XDlViN00,Je m'appelle Hélène,Hélène Rollès,"french,pop,female vocalists,90s,cute,twee,easy listening,kitsch,denpa,twee pop",1,1
44n97yHySt0Z9rqPaXgjCK,Sorry,Halsey,"pop,indie pop,indie,alternative,female vocalists,electronic,american,electropop,synthpop,pop rock",1,1
5qrSlOut2rNAWv3ubArkNy,Be Alright,Dean Lewis,"pop,australian,indie pop,singer-songwriter,B major,indie,pop,australian,singer-songwriter,guitar,alternative,indie pop,Sweet Songs,male vocalists,indie rock",1,1
78nplE9X2ZGvQh3TKgvldE,Rewrite The Stars (with James Arthur & Anne-Marie),James Arthur,"pop,british,indie,acoustic,X factor,male vocalists,alternative,singer-songwriter,english,rock",1,1
0ErK6K0kYr0Ow2RkPMhmMs,Shout Out to My Ex,Little Mix,"pop,british,female vocalists,Girl Groups,X factor,dance,rnb,girl group,UK,girlband",1,1
0EcQcdcbQeVJn9fknj44Be,I Like Me Better,Lauv,"indie,pop,linedance 2017,to all the boys ive loved before,Love,pop,indie pop,indie,american,jazz,hairy chest,male vocalists,lauv,All,rnb",1,1
1X4ZkhlRRohkV33cITaJYs,Baby,Madison Beer,"pop,female vocalists,rnb,indie,my top songs,female vocalist,indie pop,USA,american,madison beer",1,1
1Eck97uRMlprKOOJN9oO1E,Good Life (with G-Eazy & Kehlani),G-Eazy,"Hip-Hop,rap,hip hop,american,Lil Wayne,The Cool Kids,pop,New Orleans,g-eazy,juvenile",1,1
3JfHYZKy5JmE5Fv4gDTCiz,Welcome to Wonderland,Anson Seabra,"indie,pop,folk,acoustic,singer-songwriter,United States,alt z,gen z singer-songwriter,Passion of Discovery",1,1
7N1bEUVuQo8HHuikDgJ10c,Maybe My Soulmate Died,iamnotshane,"USA,pop,Passion of Discovery,american",1,1
1G9hDB1bmxz131N9svQ8pY,Satellite,Khalid,"soul,pop,rnb,alternative rnb,alternative,american,USA,Khalid,Pop RnB,texas",1,1
1mKXFLRA179hdOWQBwUk9e,Just Give Me a Reason (feat. Nate Ruess),P!nk,"pop,P!nk,2013,Ballad,nate ruess,pop,pop rock,female vocalists,rock,female,american,pink,P!nk,singer-songwriter,rnb",1,1
69HzZ3ti9DLwb0GdWCGYSo,Moral of the Story,Ashe,"my top songs,dub,indie,pop,sad,future garage,trip hop,microhouse,downtempo,ambient house,indie pop,indie,pop,USA,Gothic",1,1
3kywzyEr7V106Un5cDyh12,Older,Sasha Alex Sloan,"my top songs,indie pop,female vocalists,indie,pop,acoustic,deezer,upcoming album 2024,4-25,name variation",1,1
2BWWsCwuHAZFE1scLyP6Qe,Somebody To You,The Vamps,"pop,pop rock,british,indie,acoustic,the vamps,male vocalists,dance,indie pop,boyband",1,1
7DnAm9FOTWE3cUvso43HhI,Sweet but Psycho,Ava Max,"pop,electropop,2010s,electronic,dance-pop,pop,electropop,female vocalists,american,dance pop,USA,my top songs,dance,Ava Max,synthpop",1,1
18asYwWugKjjsihZ0YvRxO,The Motto,Tiësto,"trance,electronic,dance,techno,electronica,progressive trance,House,dutch,vocal trance,Tiesto",1,1
0b11D9D0hMOYCIMN3OKreM,Into Your Arms (feat. Ava Max),Witt Lowry,"Hip-Hop,rap,emotional rap,trap,genre: hip-hop,hip hop,american,male vocalists,Hip-Hip,male vocalist",1,1
28VbwtsYnj85UEODGpQRem,"Alone, Pt. II",Alan Walker,"electronic,House,EDM,dance,norwegian,electronica,electro house,electropop,british,festival progressive house",1,1
5iyZwawawLjHYpX4MxUKVF,Salt,Ava Max,"pop,electropop,female vocalists,american,dance pop,USA,my top songs,dance,Ava Max,synthpop",1,1
6I3mqTwhRpn34SLVafSH7G,Ghost,Justin Bieber,"electronic,pop,synth-pop,dance,my top songs,pop,black metal,rnb,justin bieber,Hip-Hop,r&b,Canadian,male vocalists,female vocalists,teen pop",1,1
1qHCD8oRBbvE100KYHtZOs,Jocelin,Leddra Chapman,"Need to Rate,folk,indie,female vocalists,british,singer-songwriter,British Girls,acoustic,spotify,fab",1,1
5t5m1lX199oLwrA2MkQERn,Main Title,Ramin Djawadi,"Soundtrack,instrumental,composer,ambient,electronic,german,score,game of thrones,ost,composers",1,1
6BePGk3eCan4FqaW2X8Qy3,10:35,Tiësto,"EDM,House,electro house,dance,deep house,trance,electronic,dance,techno,electronica,progressive trance,House,dutch,vocal trance,Tiesto",1,1
4HBZA5flZLE435QTztThqH,Stuck with U (with Justin Bieber),Ariana Grande,"justin bieber,2020s,soty,rnb,2020,pop,rnb,female vocalists,Ariana Grande,american,dance,r&b,nickelodeon,soul,dance-pop",1,1
0Eqg0CQ7bK3RQIMPw1A7pl,Malibu Nights,LANY,"synthpop,indie pop,electronic,pop,indie,USA,dream pop,alternative,electropop,male vocalists",1,1
3o9kpgkIcffx0iSwxhuNI2,Numb Little Bug,Em Beihold,"indie pop,pop,USA,american,rutracker,upcoming album 2022,alt z,female vocalists,singer-songwriter,California",1,1
5xTtaWoae3wi06K5WfVUUH,Shake It Off,Taylor Swift,"pop,2014,haters gonna hate,taylor swift,love at first listen,country,pop,female vocalists,singer-songwriter,acoustic,country pop,taylor swift,american,snake,pop rock",1,1
2T9WeqSMJJb8YBDHPYGU4p,22 (Taylor's Version),Taylor Swift,"pop,Disco,dance-pop,rock,dance,country,pop,female vocalists,singer-songwriter,acoustic,country pop,taylor swift,american,snake,pop rock",1,1
5enxwA8aAbwZbf5qCHORXi,All Too Well (10 Minute Version) (Taylor's Version) (From The Vault),Taylor Swift,"pop rock,soft rock,pop,singer-songwriter,heartland rock,country,pop,female vocalists,singer-songwriter,acoustic,country pop,taylor swift,american,snake,pop rock",1,1
273dCMFseLcVsoSWx59IoE,Bad Blood,Taylor Swift,"pop,Chupa essa Katy perry,love at first listen,taylor swift,synthpop,country,pop,female vocalists,singer-songwriter,acoustic,country pop,taylor swift,american,snake,pop rock",1,1
0V3wPSX9ygBnCm8psDIegu,Anti-Hero,Taylor Swift,"pop,synthpop,pop rock,soty,best of 2022,country,pop,female vocalists,singer-songwriter,acoustic,country pop,taylor swift,american,snake,pop rock",1,1
6Zu3aw7FfjAF9WA0fA81Oq,Big Energy,Latto,"rap,Hip-Hop,trap,atlanta,Trap Queen,Southern Hip Hop,female vocalist,hip hop,american,female rap",1,1
5Yn6iA7o8aUHxB4sJQmVwu,是你,梦然,"C-pop,China,pop,chinese,mandopop,taiwan,cpop",1,1
2bJvI42r8EF3wxjOuDav4r,Time of Our Lives,Pitbull,"pop,party,Ne-Yo,2015,thank you olivia,Hip-Hop,rap,Reggaeton,hip hop,Crunk,dance,pop,Pitbull,latin,male vocalists",1,1
1J14CdDAvBTE1AJYUOwl6C,Arcade,Duncan Laurence,"Eurovision,pop,Eurovision 2019,netherlands,ESC,pop,soul,dutch,Eurovision,male vocalists,Eurovision 2019,netherlands,eurovision song contest 2019,having under 100 listeners makes you quite obscure but does not mean you are not talented,Eurovision Song Contest",1,1
4h4QlmocP3IuwYEj2j14p8,Sunroof,Nicky Youre,"C,rock,pop,indie pop,bedroom pop,pop,indie pop,C,indie,singer-songwriter,alternative,american,d,x,i",1,1
4UwNCBXTMnv5LMl3ZKLzyK,Es Rappelt Im Karton,Pixie Paris,"german,indie,Pop Music,pop,swiss,electronic,french,synthpop,female,fresh",1,1
1ei3hzQmrgealgRKFxIcWn,In The Stars,Benson Boone,"pop,my top songs,2020s,Ballad,instrumental,pop,rock,pop rock,my top songs,singer-songwriter,USA,american,male vocalists,Singer-songwriter pop,united states of america",1,1
6qnM0XXPZOINWA778uNqQ9,Welcome To New York,Taylor Swift,"pop,synthpop,electropop,female vocalists,new york,country,pop,female vocalists,singer-songwriter,acoustic,country pop,taylor swift,american,snake,pop rock",1,1
2wQ411UQL2MRsdAgPRUstT,Walk Thru Fire,Vicetone,"House,electronic,Progressive House,dance,EDM,netherlands,club,festival progressive house,electro house,tropical house",1,1
1rYYJVlUV2EcgehVUnwJvy,The Day You Went Away,M2M,"pop,female vocalists,norwegian,singer-songwriter,rock,pop rock,teen pop,Norway,M2M,Girl Groups",1,1
1N3dZ7TTWO6VcD4Y3hHYLZ,Try Everything,Shakira,"pop,latin,female vocalists,spanish,rock,dance,Shakira,Colombia,sexy,singer-songwriter",1,1
0laYHRpNTS6i8FXdupHkJ4,Love You Like A Love Song,Selena Gomez & The Scene,"pop,Love,female vocalists,Selena Gomez,love at first listen,pop,female vocalists,pop rock,Disney,Selena Gomez,dance,rock,american,electronic,teen pop",1,1
3KrUwAqO3GhZugO4HMOlq0,Wild Wild Web,John The Whistler,"euro-house,eurodance,german dance,trance,german,pop,House,90s,dance,DAT",1,1
5vBVbnDaUTNGK9eLuLlKXd,Be What You Wanna Be,Darin,"pop,swedish,dance,rnb,male vocalists,idols,Sweden,darin,electronic,sexy",1,1
0guJdzHHrsGPgouySLzOWo,Cool Kids (Sped Up) - Remix,DJ Fronteo,,1,1
37BZB0z9T8Xu7U3e65qxFy,Save Your Tears (with Ariana Grande) (Remix),The Weeknd,"2020s,soul,Hip-Hop,rnb,remix,rnb,electronic,dubstep,Canadian,prog-rnb,pop,r&b,alternative rnb,soul,Hip-Hop",1,1
009ImBOrIUlWgla8U05RAC,Unconditionally,Katy Perry,"pop,Ballad,love at first listen,katy perry,prism,pop,female vocalists,pop rock,indie,rock,american,dance,katy perry,female vocalist,electropop",1,1
7795WJLVKJoAyVoOtCWqXN,I'm Not The Only One,Sam Smith,"soul,pop,melancholy,2014,songs to kill yourself to,soul,pop,british,electronic,dance,male vocalists,singer-songwriter,rnb,england,english",1,1
4h9wh7iOZ0GGn8QVp4RAOB,I Ain't Worried,OneRepublic,"pop,pop rock,electronic,dance,indie pop,pop rock,rock,alternative,alternative rock,indie,pop,american,male vocalists,piano rock,OneRepublic",1,1
7dZ1Odmx9jWIweQSatnRqo,Million Reasons,Lady Gaga,"Ballad,pop,sad,country,love at first listen,pop,dance,electronic,female vocalists,female vocalist,Lady Gaga,electropop,american,singer-songwriter,sexy",1,1
7qEHsqek33rTcFNT9PFqLf,Someone You Loved,Lewis Capaldi,"2010s,pop,2019,2018,alternative,pop,Scottish,singer-songwriter,pop rock,alternative,UK,male vocalists,Blue-Eyed Soul,indie pop,indie",1,1
6SkoBaMd0lzoQjID5aV2d9,"Flashlight - From ""Pitch Perfect 2"" Soundtrack",Jessie J,"pop,british,female vocalists,rnb,singer-songwriter,soul,dance,jessie j,Hip-Hop,r&b",1,1
33HucJaMg7OBQLqmaVx58p,Video Games,Lana Del Rey,"female vocalists,pop,indie,indie pop,2011,indie,female vocalists,indie pop,pop,alternative,dream pop,american,singer-songwriter,trip-hop,sadcore",1,1
6ZfXA2xakAvphXOSOJ3u1W,When I Look At You,Miley Cyrus,"pop,female vocalists,dance,Disney,guilty pleasure,Miley Cyrus,pop rock,urban,better than selena gomez,american",1,1
5pgdZyYh16sAUkDjrqGPej,Pretty Boy,M2M,"pop,female vocalists,norwegian,singer-songwriter,rock,pop rock,teen pop,Norway,M2M,Girl Groups",1,1
4VPXFi4vFTtS9wHe6oMQaT,I Can't Fall in Love Without You,Zara Larsson,"pop,swedish,female vocalists,indie,Sweden,soul,my top songs,indie pop,electronic,dance",1,1
3cysp2UU6xmV61ZlnQsa8s,"Heaven - From ""Fifty Shades Freed"" Soundtrack",Julia Michaels,"pop,singer-songwriter,female vocalists,my top songs,american,USA,singer-songwriters,Playful,yearning,breakup",1,1
6M31fPFCYB8Job3MCjjrDV,They Don't Know About Us,One Direction,"pop,british,one direction,amazing,larry stylinson,pop,british,boyband,one direction,X factor,male vocalists,pop rock,dance,1d,teen pop",1,1
5rlMVKnvE6ZSzNCs8ZyHqU,For You (With Rita Ora),Liam Payne,"pop,rnb,british,male vocalists,one direction,england,dance,X factor,UK,r&b",1,1
50nfwKoDiSYg8zOCREWAm5,Shivers,Ed Sheeran,"pop,2021,2020s,Ed Sheeran,british,acoustic,british,singer-songwriter,pop,easy-listening,Grime,folk,male vocalists,indie,alternative",1,1
3e9HZxeyfWwjeyPAMmWSSQ,"thank u, next",Ariana Grande,"pop,rnb,2010s,Thank U,pete fracassado,pop,rnb,female vocalists,Ariana Grande,american,dance,r&b,nickelodeon,soul,dance-pop",1,1
04ZTP5KsCypmtCmQg5tH9R,I'm a Mess,Bebe Rexha,"pop,female vocalists,electronic,singer-songwriter,alternative,american,indie,USA,my top songs,electropop",1,1
0lx2cLdOt3piJbcaXIV74f,willow,Taylor Swift,"folk pop,chamber folk,singer-songwriter,overrated,indie folk,country,pop,female vocalists,singer-songwriter,acoustic,country pop,taylor swift,american,snake,pop rock",1,1
4fouWK6XVHhzl78KzQ1UjL,abcdefu,GAYLE,"pop,USA,pop rock,female vocalists,pop punk,rutracker,upcoming album 2022,electropop,american,rock",1,1
1v6svH1Fyx9C1nIt1mA2DT,All I Want,Olivia Rodrigo,"pop,pop rock,female vocalists,rock,indie pop,pop punk,teen pop,singer-songwriter,american,alt-pop",1,1
4ANim4YPlz5nVInrXdx2xr,Blue Jeans,Lana Del Rey,"indie,female vocalists,pop,soul,Lana Del Rey,indie,female vocalists,indie pop,pop,alternative,dream pop,american,singer-songwriter,trip-hop,sadcore",1,1
5JCoSi02qi3jJeHdZXMmR8,favorite crime,Olivia Rodrigo,"pop,indie pop,singer-songwriter,folk,alternative pop,pop,pop rock,female vocalists,rock,indie pop,pop punk,teen pop,singer-songwriter,american,alt-pop",1,1
3JXF3LsUjyDIHjuwhXxdjo,Sweetest Pie,Megan Thee Stallion,"pop,pop rap,atlanta bass,rap,bop,rap,Hip-Hop,trap,hip hop,american,Southern Hip Hop,pop rap,texas,Dirty South,hardcore hip hop",1,1
39LLxExYz6ewLAcYrzQQyP,Levitating,Dua Lipa,"pop,dance-pop,nu-disco,Disco,electropop,pop,synthpop,electropop,british,female vocalists,dance-pop,dance,nu-disco,Disco,dance pop",1,1
3PfIrDoz19wz7qK7tYeu62,Don't Start Now,Dua Lipa,"Disco,pop,nu-disco,dance-pop,dance,pop,synthpop,electropop,british,female vocalists,dance-pop,dance,nu-disco,Disco,dance pop",1,1
2afCBiru10AFckfOa49wIa,You & I,One Direction,"Love,pop,boy band,love at first listen,one direction,pop,british,boyband,one direction,X factor,male vocalists,pop rock,dance,1d,teen pop",1,1
10GJQkjRJcZhGTLagFOC62,Most Girls,Hailee Steinfeld,"pop,female vocalists,dance,teen pop,american,my top songs,dance pop,USA,Hailee Steinfeld,teen",1,1
6yARPLK0PV4heEyh7pVMGz,Part Of Me,Katy Perry,"pop,katy perry,dance,female vocalists,2012,pop,female vocalists,pop rock,indie,rock,american,dance,katy perry,female vocalist,electropop",1,1
48RrDBpOSSl1aLVCalGl5C,The Monster,Eminem,"rap,Hip-Hop,pop,hip hop,Eminem,rap,Hip-Hop,hip hop,Eminem,pop,american,detroit,male vocalists,slim shady,Gangsta Rap",1,1
0ByMNEPAPpOR5H69DVrTNy,Don't Stop The Music,Rihanna,"dance,pop,Rihanna,rnb,female vocalists,pop,rnb,female vocalists,dance,Hip-Hop,Rihanna,r&b,hip hop,american,reggae",1,1
5WQQIDU3HRaMyPkob8mpFb,Where Have You Been,Rihanna,"dance,pop,electronic,Rihanna,electropop,pop,rnb,female vocalists,dance,Hip-Hop,Rihanna,r&b,hip hop,american,reggae",1,1
3DmW6y7wTEYHJZlLo1r6XJ,Shower,Becky G,"pop,2014,WSUM 91.7 FM Madison,best of 2014,Versus Verses,pop,female vocalists,rap,Hip-Hop,latin,american,hip hop,Reggaeton,latin pop,mexican",1,1
6s86N7LVaJZuU4alwKp6XO,Are you happy?,shy martin,"pop,electronic,swedish,indie,indie pop,electronica,singer-songwriter,s,female vocalists,Sweden",1,1
1lWoanAmIk1PZisbP5LmwT,How to Love (feat. Sofia Reyes),Cash Cash,"powerpop,electronic,pop,electronica,new wave,electropop,alternative,dance,pop punk,power pop",1,1
5zqObw7wjBgL9TDiAymxPn,Our Song,Anne-Marie,"pop,rnb,british,electronic,female vocalists,4,All,my top songs,deek,cute",1,1
55n9yjI6qqXh5F2mYvUc2y,I Don’t Wanna Live Forever (Fifty Shades Darker),ZAYN,"pop,rnb,Soundtrack,taylor swift,zayn,pop,rnb,british,male vocalists,sexy,singer-songwriter,contemporary rnb,talented,amazing voice,soul",1,1
0tBbt8CrmxbjRP0pueQkyU,Wolves,Selena Gomez,"pop,electronic,Marshmello,EDM,dance,pop,female vocalists,Disney,pop rock,dance,Selena Gomez,american,electropop,teen pop,rnb",1,1
3odrUVQ9tvRpkC9II2oWzx,"Still Falling For You - From ""Bridget Jones's Baby""",Ellie Goulding,"female vocalists,electronic,british,indie,indie pop,pop,synthpop,electropop,singer-songwriter,folktronica",1,1
6hmhG1b4LEyNuashVvuIAo,Never Forget You,Zara Larsson,"pop,electronic,EDM,MNEK,zara larsson,pop,swedish,female vocalists,indie,Sweden,soul,my top songs,indie pop,electronic,dance",1,1
0AS63m1wHv9n4VVRizK6Hc,Mercy,Shawn Mendes,"pop,Canadian,male vocalist,gospel choir,hino,pop,Canadian,folk,male vocalists,acoustic,singer-songwriter,canada,no talent,sexy,shawn mendes",1,1
2K87XMYnUMqLcX3zvtAF4G,Drag Me Down,One Direction,"love at first listen,pop,2015,best of 2015,british,pop,british,boyband,one direction,X factor,male vocalists,pop rock,dance,1d,teen pop",1,1
3QGsuHI8jO1Rx4JWLUh9jd,Treat You Better,Shawn Mendes,"pop,2016,Canadian,<3,love at first listen,pop,Canadian,folk,male vocalists,acoustic,singer-songwriter,canada,no talent,sexy,shawn mendes",1,1
3oL3XRtkP1WVbMxf7dtTdu,The One That Got Away,Katy Perry,"pop,katy perry,female vocalists,Love,relax,pop,female vocalists,pop rock,indie,rock,american,dance,katy perry,female vocalist,electropop",1,1
5O2P9iiztwhomNh8xkR9lJ,Night Changes,One Direction,"pop,Love,love at first listen,british,boy band,pop,british,boyband,one direction,X factor,male vocalists,pop rock,dance,1d,teen pop",1,1
59HjlYCeBsxdI0fcm3zglw,Wildest Dreams,Taylor Swift,"pop,dream pop,love at first listen,max martin,lana del rey -ish,country,pop,female vocalists,singer-songwriter,acoustic,country pop,taylor swift,american,snake,pop rock",1,1
0jPU39bL0SrCmYc1RwbFkX,Hero (feat. Christina Perri),Cash Cash,"powerpop,electronic,pop,electronica,new wave,electropop,alternative,dance,pop punk,power pop",1,1
5WtfUKzXircvW8l5aaVZWT,What A Time (feat. Niall Horan),Julia Michaels,"pop,singer-songwriter,female vocalists,my top songs,american,USA,singer-songwriters,Playful,yearning,breakup",1,1
7x5xYW5W42OGPAdHUyyguy,Locked Away (feat. Adam Levine),R. City,"rnb,power pop,Hip-Hop,hip hop,r&b,american,pop,reggae,Chris Bell,rap",1,1
3avYqdwHKEq8beXbeWCKqJ,Last Friday Night (T.G.I.F.),Katy Perry,"pop,dance,katy perry,female vocalists,fun,pop,female vocalists,pop rock,indie,rock,american,dance,katy perry,female vocalist,electropop",1,1
4uUG5RXrOk84mYEfFvj3cK,I'm Good (Blue),David Guetta,"House,electronic,electro house,dance,2022,House,dance,electronic,club,techno,french,pop,electro,electro house,David Guetta",1,1
5INhCOLabQB884Ffd6YE46,Remember Our Summer,Frogmonster,,1,1
5Q0Nhxo0l2bP3pNjpGJwV1,Party In The U.S.A.,Miley Cyrus,"pop,Miley Cyrus,guilty pleasure,dance,party in the usa,pop,female vocalists,dance,Disney,guilty pleasure,Miley Cyrus,pop rock,urban,better than selena gomez,american",1,1
5ajjAnNRh8bxFvaVHzpPjh,Reckless,Madison Beer,"pop soul,brill building,Madison maior viva,pop,doo-wop,pop,female vocalists,rnb,indie,my top songs,female vocalist,indie pop,USA,american,madison beer",1,1
2hBvbJcK2JZL2kF6cN5hKL,Moonlight Shadow,Dana Winner,"dana winner,dutch,female vocalists,Nederlandstalig,belgian,Schlager,pop,All,Belgium,unemerged divas",1,1
7F1CiKqrY44kh5cDqwHOnx,Love Is Gone - Acoustic,SLANDER,"Brostep,heavy metal,hardcore,dubstep,NWOBHM,melodic dubstep,future bass,thrash metal,italian,hardcore punk",1,1
1ZMiCix7XSAbfAJlEZWMCp,Falling,Harry Styles,"pop,rock,alternative,soul,Ballad,pop,rock,pop rock,alternative,british,soft rock,indie,folk,one direction,bisexual",1,1
1Xi84slp6FryDSCbzq4UCD,Arcade,Duncan Laurence,"Eurovision,pop,Eurovision 2019,netherlands,ESC,pop,soul,dutch,Eurovision,male vocalists,Eurovision 2019,netherlands,eurovision song contest 2019,having under 100 listeners makes you quite obscure but does not mean you are not talented,Eurovision Song Contest",1,1
29OBQBdkEWYaE3YxVAT8KL,Dynasty,MIIA,"pop,swedish,female vocalists,norwegian,german,scandinavian,Sweden,africa,Norway,ethnic",1,1
1u8c2t2Cy7UBoG4ArRcF5g,Blank Space,Taylor Swift,"pop,love at first listen,2014,female vocalists,best of 2014,country,pop,female vocalists,singer-songwriter,acoustic,country pop,taylor swift,american,snake,pop rock",1,1
1Ist6PR2BZR3n2z2Y5R6S1,Summertime Sadness,Lana Del Rey,"indie,pop,female vocalists,indie pop,Lana Del Rey,indie,female vocalists,indie pop,pop,alternative,dream pop,american,singer-songwriter,trip-hop,sadcore",1,1
487OPlneJNni3NWC8SYqhW,Born To Die,Lana Del Rey,"indie,pop,indie pop,love at first listen,female vocalists,indie,female vocalists,indie pop,pop,alternative,dream pop,american,singer-songwriter,trip-hop,sadcore",1,1
6I9VzXrHxO9rA9A5euc8Ak,Toxic,Britney Spears,"pop,dance,Britney Spears,female vocalists,sexy,pop,dance,female vocalists,Britney Spears,legend,american,sexy,90s,electronic,diva",1,1
3goSVuTt3fDYDP6kRnFwuL,Take A Bow,Rihanna,"pop,rnb,Rihanna,female vocalists,Ballad,pop,rnb,female vocalists,dance,Hip-Hop,Rihanna,r&b,hip hop,american,reggae",1,1
1KGi9sZVMeszgZOWivFpxs,No Scrubs,TLC,"rnb,90s,pop,female vocalists,Hip-Hop,rnb,Hip-Hop,female vocalists,pop,soul,90s,r&b,hip hop,tlc,american",1,1
3yMC1KsTwh0ceXdIe4QQAQ,Fingers Crossed,Lauren Spencer Smith,"pop,Canadian,American Idol,UK,british,acoustic,female vocalist,female,piano,canada",1,1
4u5CfuAGAHNYDIHSSW7BiY,engravings,Ethan Bortnick,"electronic,singer-songwriter,alternative,piano,florida,american,child prodigy,under 200 listeners",1,1
6GUiIbJ834FcHewby3PwV0,Breakfast,Dove Cameron,"pop,Disney,female vocalists,american,my top songs,USA,queer,better than selena gomez,gay pop,disney channel",1,1
1TQXIltqoZ5XXyfCbAeSQQ,Dancing With Your Ghost,Sasha Alex Sloan,"female vocalist,alternative,female vocalists,rnb,ghost,my top songs,indie pop,female vocalists,indie,pop,acoustic,deezer,upcoming album 2024,4-25,name variation",1,1
4KLj9QjEhJl2WU50mxRF9Z,What A Beautiful Name,Hillsong Worship,"christian,worship,praise,pop,gospel,Hillsong,australian",1,1
7ef4DlsgrMEH11cDZd32M6,One Kiss (with Dua Lipa),Calvin Harris,"House,pop,dance,electronic,uk funky,electronic,dance,electro,Disco,electronica,british,House,Scottish,electropop,pop",1,1
58wyJLv6yH1La9NIZPl3ne,Can We Kiss Forever?,Kina,"hardcore,italian hardcore,punk,italian,hardcore punk,Italian punk,Italian Hardcore Punk,italian hc,Italy,Old school Hardcore",1,1
6HU7h9RYOaPRFeh0R3UeAr,deja vu,Olivia Rodrigo,"pop,pop rock,psychedelic pop,indie pop,2021,pop,pop rock,female vocalists,rock,indie pop,pop punk,teen pop,singer-songwriter,american,alt-pop",1,1
6ATgDc6e4sPn84hvJsAmPt,hate u love u,Olivia O'Brien,"pop,electronic,american,USA,my top songs,female vocalists,California,indie,alternative,latin",1,1
21szgNA72iLwvBxHQLgwBh,die first,Nessa Barrett,"pop,my top songs,pop rock,electropop,american,singer-songwriter,electronic,female vocalists,rutracker,nessa barrett",1,1
2pcXjnCFWLDegrdNpgHRSn,Narcissist,Lauren Spencer Smith,"pop,Canadian,American Idol,UK,british,acoustic,female vocalist,female,piano,canada",1,1
2BgEsaKNfHUdlh97KmvFyo,2002,Anne-Marie,"pop,2010s,2018,female vocalists,Radio,pop,rnb,british,electronic,female vocalists,4,All,my top songs,deek,cute",1,1
161DnLWsx1i3u1JT05lzqU,Talking to the Moon,Bruno Mars,"pop,Love,Ballad,rnb,Bruno Mars,pop,rnb,male vocalists,r&b,slow jams,soul,Bruno Mars,american,singer-songwriter,reggae",1,1
5vjLSffimiIP26QG5WcN2K,Hold On,Chord Overstreet,"glee,Soundtrack,Glee Cast,male vocalists,pop,musical,rock,chord overstreet,best friends,actors",1,1
4nTjkWK590oBDcnIxTr1mI,Favorite Girl,Justin Bieber,"pop,black metal,rnb,justin bieber,Hip-Hop,r&b,Canadian,male vocalists,female vocalists,teen pop",1,1
7BqBn9nzAq8spo5e7cZ0dJ,Just the Way You Are,Bruno Mars,"pop,Bruno Mars,rnb,Love,male vocalists,pop,rnb,male vocalists,r&b,slow jams,soul,Bruno Mars,american,singer-songwriter,reggae",1,1
3MRqm3VNWLIjRiLRQezul7,It Is Well - Live,Bethel Music|Kristene DiMarco,,1,1
1KuVEZR4xuQVNr1KkanAV4,The Other Woman,Lana Del Rey,"cover,jazz,blues,alternative,indie,indie,female vocalists,indie pop,pop,alternative,dream pop,american,singer-songwriter,trip-hop,sadcore",1,1
2nMeu6UenVvwUktBCpLMK9,Young And Beautiful,Lana Del Rey,"cult,indie,alternative,female vocalists,Lana Del Rey,indie,female vocalists,indie pop,pop,alternative,dream pop,american,singer-songwriter,trip-hop,sadcore",1,1
7Kt59L2ZZGtOnIhvMwzG6f,Diamonds,Rihanna,"pop,Rihanna,rnb,diamonds,2012,pop,rnb,female vocalists,dance,Hip-Hop,Rihanna,r&b,hip hop,american,reggae",1,1
15JINEqzVMv3SvJTAXAKED,Love The Way You Lie,Eminem,"955 WKQI,rap,Hip-Hop,Love,hip hop,rap,Hip-Hop,hip hop,Eminem,pop,american,detroit,male vocalists,slim shady,Gangsta Rap",1,1
5oO3drDxtziYU2H1X23ZIp,Love On The Brain,Rihanna,"soul,rnb,Rihanna,2016,pop,pop,rnb,female vocalists,dance,Hip-Hop,Rihanna,r&b,hip hop,american,reggae",1,1
5HCyWlXZPP0y6Gqq8TgA20,STAY (with Justin Bieber),The Kid LAROI,"pop rap,pop rock,synthpop,2021,2020s,rap,Hip-Hop,emo rap,australian,trap,pop,hip hop,pop rap,australia,The Kid Laroi",1,1
1NZs6n6hl8UuMaX0UC0YTz,Brooklyn Baby,Lana Del Rey,"cult,indie,love at first listen,alternative,dream pop,indie,female vocalists,indie pop,pop,alternative,dream pop,american,singer-songwriter,trip-hop,sadcore",1,1
0Oqc0kKFsQ6MhFOLBNZIGX,Doin' Time,Lana Del Rey,"cover,trip hop,pop,indie pop,alternative,indie,female vocalists,indie pop,pop,alternative,dream pop,american,singer-songwriter,trip-hop,sadcore",1,1
2igwFfvr1OAGX9SKDCPBwO,Empire State Of Mind,JAY-Z,"Hip-Hop,rap,hip hop,Alicia Keys,2009,Hip-Hop,rap,hip hop,east coast rap,jay-z,new york,East Coast,american,Brooklyn,Gangsta Rap",1,1
22UDw8rSfLbUsaAGTXQ4Z8,American Boy,Estelle,"rnb,pop,female vocalists,soul,Hip-Hop,rnb,soul,female vocalists,Hip-Hop,british,pop,hip hop,r&b,Estelle,dance",1,1
1DFD5Fotzgn6yYXkYsKiGs,Piece Of Your Heart,MEDUZA,"Power metal,House,electronic,swedish,C,neo-classical metal,neoclassical metal,italian,Sweden,NeoClassical Power Metal",1,1
0nJW01T7XtvILxQgC5J7Wh,When I Was Your Man,Bruno Mars,"pop,piano,Bruno Mars,american,great song,pop,rnb,male vocalists,r&b,slow jams,soul,Bruno Mars,american,singer-songwriter,reggae",1,1
1M0g1beKC4H9gbrOiSayHW,National Anthem,Lana Del Rey,"indie pop,indie,pop,female vocalists,Lana Del Rey,indie,female vocalists,indie pop,pop,alternative,dream pop,american,singer-songwriter,trip-hop,sadcore",1,1
49FYlytm3dAAraYgpoJZux,Umbrella,Rihanna,"pop,rnb,Rihanna,female vocalists,dance,pop,rnb,female vocalists,dance,Hip-Hop,Rihanna,r&b,hip hop,american,reggae",1,1
0GjEhVFGZW8afUYGChu3Rr,Dancing Queen,ABBA,"Disco,pop,70s,abba,dance,pop,Disco,70s,swedish,80s,abba,dance,female vocalists,Sweden,Europop",1,1
3hlksXnvbKogFdPbpO9vel,Super Bass,Nicki Minaj,"nicki minaj,pop,hip hop,rnb,Hip-Hop,Hip-Hop,rap,rnb,pop,hip hop,female vocalists,sexy,nicki minaj,american,dance",1,1
762UXiwEHYY97VL45sAUPR,2U,David Guetta,"House,dance,electronic,club,techno,french,pop,electro,electro house,David Guetta",1,1
5pesNiBKAx8JNwK2mQ2HEc,Been Through,EXO,"k-pop,exo,Korean,Kpop,exo-k,pop,exo-m,sm entertainment,rap,male vocalists",1,1
2ez6qvOTHKeI3ss80NGqnI,Trampoline (with ZAYN),SHAED,"pop,electronic,indie pop,soul,female vocalists,DC,rnb,3,Chill House,United States",1,1
59CfNbkERJ3NoTXDvoURjj,Boyfriend,Dove Cameron,"electropop,pop,female vocalists,alternative,contemporary rnb,pop,Disney,female vocalists,american,my top songs,USA,queer,better than selena gomez,gay pop,disney channel",1,1
3vySEUpD0tc801F2WZDLYw,Freaky Deaky,Tyga,"Hip-Hop,rap,hip hop,tyga,west coast,young money,rnb,pop,american,cali",1,1
7a86XRg84qjasly9f6bPSD,We Are Young (feat. Janelle Monáe),fun.,"indie,pop,alternative,fun,indie pop,indie pop,indie,alternative,pop,rock,american,indie rock,male vocalists,fun,alternative rock",1,1
2Foc5Q5nqNiosCNqttzHof,Get Lucky (Radio Edit) [feat. Pharrell Williams and Nile Rodgers],Daft Punk,"pop,electronic,male vocalists,happiness,french house,electronic,House,dance,techno,electronica,french,electro,french house,Daft Punk,funk",1,1
1ahVFh0ViDZr8LvkEVlq3B,No Sleep (feat. Bonn),Martin Garrix,"House,electronic,dance,electropop,pop,electro house,dutch,Progressive House,EDM,big room",1,1
1r9xUipOqoNwggBpENDsvJ,Enemy (with JID) - from the series Arcane League of Legends,Imagine Dragons,"rap,indie,arcane,alternative,Hip-Hop,indie,indie rock,alternative,rock,indie pop,alternative rock,american,pop,pop rock,male vocalists",1,1
4BiiOzZCrXEzHRLYcYFiD5,Hope,The Chainsmokers,"electronic,pop,House,electro house,dance,american,EDM,dj,electropop,alternative dance",1,1
5k5fWendNngd89O8JKoE8L,Better When I'm Dancin',Meghan Trainor,"pop,female vocalists,soul,american,jazz,rock,singer-songwriter,rnb,USA,doo-wop",1,1
76c4KOymiPUkWEeIIc0DQr,Stranger Things (feat. OneRepublic) - Alan Walker Remix,Kygo,"electronic,House,tropical house,chillout,downtempo,norwegian,chillwave,Norway,deep house,EDM",1,1
0m6TrXRLlNFLkOGiW38kDf,Capital Letters,Hailee Steinfeld,"pop,female vocalists,dance,teen pop,american,my top songs,dance pop,USA,Hailee Steinfeld,teen",1,1
6kls8cSlUyHW2BUOkDJIZE,Hate Me (with Juice WRLD),Ellie Goulding,"2010s,2019,Juice WRLD,pop,ellie goulding,female vocalists,electronic,british,indie,indie pop,pop,synthpop,electropop,singer-songwriter,folktronica",1,1
6YITon2rsFDlRrZilwMsRN,365 Days,EMO,"downtempo,electronic,lounge,nu jazz,hardstyle,easy listening,jazz,nu-jazz,Hip-Hop,polish hip-hop",1,1
6WrI0LAC5M1Rw2MnX2ZvEg,Don't Start Now,Dua Lipa,"Disco,pop,nu-disco,dance-pop,dance,pop,synthpop,electropop,british,female vocalists,dance-pop,dance,nu-disco,Disco,dance pop",1,1
2tGvwE8GcFKwNdAXMnlbfl,happier,Olivia Rodrigo,"pop,folk,indie pop,singer-songwriter,folk pop,pop,pop rock,female vocalists,rock,indie pop,pop punk,teen pop,singer-songwriter,american,alt-pop",1,1
1oFAF1hdPOickyHgbuRjyX,Save Your Tears (Remix) (with Ariana Grande) - Bonus Track,The Weeknd,"po,brilliant,The Weeknd,pop,bop,rnb,electronic,dubstep,Canadian,prog-rnb,pop,r&b,alternative rnb,soul,Hip-Hop",1,1
6Im9k8u9iIzKMrmV7BWtlF,34+35,Ariana Grande,"pop,rnb,female vocalists,Ariana Grande,american,dance,r&b,nickelodeon,soul,dance-pop",1,1
5CZ40GBx1sQ9agT82CLQCT,traitor,Olivia Rodrigo,"pop,Ballad,folk pop,indie pop,peter,pop,pop rock,female vocalists,rock,indie pop,pop punk,teen pop,singer-songwriter,american,alt-pop",1,1
4LRPiXqCikLlN15c3yImP7,As It Was,Harry Styles,"pop,rock and roll over,WSUM 91.7 FM Madison,synthpop,indie pop,pop,rock,pop rock,alternative,british,soft rock,indie,folk,one direction,bisexual",1,1
5dPz35akJjPqb17yeqNwqH,Ghost,Justin Bieber,"electronic,pop,synth-pop,dance,my top songs,pop,black metal,rnb,justin bieber,Hip-Hop,r&b,Canadian,male vocalists,female vocalists,teen pop",1,1
0e8nrvls4Qqv5Rfa2UhqmO,THATS WHAT I WANT,Lil Nas X,"pop,Hip-Hop,pop rock,rap,2021,Hip-Hop,rap,pop,trap,country rap,country,hip hop,american,pop rap,queer",1,1
0QBzMgT7NIeoCYy3sJCof1,Bam Bam (feat. Ed Sheeran),Camila Cabello,"pop,female vocalists,cuba,dance,cuban,Fifth Harmony,racist,my top songs,latin,latin pop",1,1
21TcDbGosp7w9YhTjOszgA,Imagination,Shawn Mendes,"pop,Canadian,folk,male vocalists,acoustic,singer-songwriter,canada,no talent,sexy,shawn mendes",1,1
5ca1HyQ5Au4SbPeAMUeOlI,"Flashlight - From ""Pitch Perfect 2"" Soundtrack",Jessie J,"pop,british,female vocalists,rnb,singer-songwriter,soul,dance,jessie j,Hip-Hop,r&b",1,1
1SOClUWhOi8vHZYMz3GluK,Infinity,Jaymes Young,"pop,indietronica,electronic,synthpop,Vibe,indie,alternative,electronic,indie pop,electropop,singer-songwriter,electronica,Experimental Rock,pop,indie rock",1,1
2eAvDnpXP5W0cVtiI0PUxV,Dandelions,Ruth B.,"rnb,piano,chill,sweet,romantic lyrics,rnb,pop,piano,Canadian,female vocalists,canada,my top songs,adult contemporary,singer-songwriter,soul",1,1
12OLyHDxt6dqlAybSPFBK3,Forever,Lewis Capaldi,"pop,Scottish,singer-songwriter,pop rock,alternative,UK,male vocalists,Blue-Eyed Soul,indie pop,indie",1,1
5d1fRO6RYAtbPPgbpSHnlA,Anti-Everything,Lost Kings,"electronic,dance,electronica,american,lost and found,future beats,los angeles,fondling music,kings and queens,to aqui por causa da tinashe",1,1
2ISSQPb9LHHiV6ng2NXosL,Beautiful Now,Zedd,"electro house,electronic,House,electro,dubstep,complextro,Progressive House,dance,electronica,german",1,1
7vGuf3Y35N4wmASOKLUVVU,Silence,Marshmello,"rnb,2017,rap,electronic,dance,electronic,dance,EDM,trap,pop,american,future bass,rap,dj,rnb",1,1
48XkVAagIoQHCsOlJtXUd5,still feel.,half•alive,"indie pop,indie,indie rock,alternative,pop,rock,american,los angeles,United States,long beach",1,1
1SJtlNRJDeYHioymcvsqev,Crying in the Club,Camila Cabello,"pop,female vocalists,cuba,dance,cuban,Fifth Harmony,racist,my top songs,latin,latin pop",1,1
7xoUc6faLbCqZO6fQEYprd,One Last Time,Ariana Grande,"pop,2014,sad,female vocalists,euphoric,pop,rnb,female vocalists,Ariana Grande,american,dance,r&b,nickelodeon,soul,dance-pop",1,1
5o4yGlG0PfeVUa6ClIyOxq,Boys,Charli xcx,"pop,synthpop,electronic,female vocalists,Electroclash,electropop,hyperpop,british,bubblegum bass,pc music",1,1
2Xnv3GntqbBH1juvUYSpHG,So Am I,Ava Max,"pop,electropop,female vocalists,american,dance pop,USA,my top songs,dance,Ava Max,synthpop",1,1
0mt02gJ425Xjm7c3jYkOBn,Lust For Life (with The Weeknd),Lana Del Rey,"alternative,indie,dream pop,pop,The Weeknd,indie,female vocalists,indie pop,pop,alternative,dream pop,american,singer-songwriter,trip-hop,sadcore",1,1
6YZOPDWjsa6BPOWLge5gKg,I Found A Girl,The Vamps,"pop,pop rock,british,indie,acoustic,the vamps,male vocalists,dance,indie pop,boyband",1,1
3ebXMykcMXOcLeJ9xZ17XH,Scared to Be Lonely,Martin Garrix,"future bass,EDM,electronic,House,dance,House,electronic,dance,electropop,pop,electro house,dutch,Progressive House,EDM,big room",1,1
4ut5G4rgB1ClpMTMfjoIuy,High On Life (feat. Bonn),Martin Garrix,"House,electronic,dance,electropop,pop,electro house,dutch,Progressive House,EDM,big room",1,1
3BomnHfqKZCdPJC9bkGBjE,On My Way,Alan Walker,"pop,dance,electronic,electropop,EDM,electronic,House,EDM,dance,norwegian,electronica,electro house,electropop,british,festival progressive house",1,1
0o58NWBiVXewJNfNDKQyjw,I Dare You,Kelly Clarkson,"pop,female vocalists,pop rock,rock,Kelly Clarkson,American Idol,american,singer-songwriter,female vocalist,alternative",1,1
12GEpg2XOPyqk03JZEZnJs,It Ain’t Me (with Selena Gomez),Kygo,"electronic,House,tropical house,chillout,downtempo,norwegian,chillwave,Norway,deep house,EDM",1,1
2RSHsoi04658QL5xgQVov3,Bad Liar,Imagine Dragons,"2010s,pop,love at firsten listen,2018,indie rock,indie,indie rock,alternative,rock,indie pop,alternative rock,american,pop,pop rock,male vocalists",1,1
06Kyj7sv2HzZPu4Vt4wfcO,Clouds (with Sabrina Carpenter),Fin Argus,"pop,indie,Soundtrack,indie pop,male vocalists,Disney,film,movie,clouds,country",1,1
60cYr5uuMoxvyuIx45rGEW,Boy In The Bubble,Alec Benjamin,"pop,indie pop,american,indie,male vocalists,USA,singer-songwriter,us,pop rock,k-pop",1,1
1STkjkaPuvmfJPFU8V1pNm,Hotel Bed (feat. Swae Lee),Chelsea Collins,"pop,USA,american,female vocalists,us",1,1
7MtVPRGtZl6rPjMfLoI3Lh,Fuck it I love you,Lana Del Rey,"art pop,indie pop,dream pop,rock,soft rock,indie,female vocalists,indie pop,pop,alternative,dream pop,american,singer-songwriter,trip-hop,sadcore",1,1
6C8YCzxgqxCC2ZnBNWmCOW,Just Friends,Ally Barron,"pop,american",1,1
6rmXhRIemCTPyMYZRDN7Qg,Black Magic,Little Mix,"pop,love at first listen,segura essa magia negra,2015,best of 2015,pop,british,female vocalists,Girl Groups,X factor,dance,rnb,girl group,UK,girlband",1,1
3ueoTboomKEQpI3r9z47Kg,F**kin' Perfect - Radio Edit,P!nk,"pop,pop rock,female vocalists,rock,female,american,pink,P!nk,singer-songwriter,rnb",1,1
7a53HqqArd4b9NF4XAmlbI,Kings & Queens,Ava Max,"pop,Ava Max,2020,electropop,am1,pop,electropop,female vocalists,american,dance pop,USA,my top songs,dance,Ava Max,synthpop",1,1
2qxmye6gAegTMjLKEBoR3d,Let Me Down Slowly,Alec Benjamin,"pop,singer-songwriter,teen pop,chill,linedance 2019,pop,indie pop,american,indie,male vocalists,USA,singer-songwriter,us,pop rock,k-pop",1,1
0Y1MWB026LYxGvhq4EcMiC,Boom Clap,Charli xcx,"electropop,pop,2014,fav888,best of 2014,pop,synthpop,electronic,female vocalists,Electroclash,electropop,hyperpop,british,bubblegum bass,pc music",1,1
1jLsirPDkUS2g4gnkYua58,Ignite,Alan Walker,"electronic,House,EDM,dance,norwegian,electronica,electro house,electropop,british,festival progressive house",1,1
1yvMUkIOTeUNtNWlWRgANS,Unstoppable,Sia,"powerful,pop,my top songs,electropop,female vocalists,female vocalists,indie,chillout,trip-hop,downtempo,pop,australian,singer-songwriter,alternative,electronic",1,1
5cLCeJ0RHfLrP1pcRWoiFz,If You Want Me,Markéta Irglová,"female vocalists,folk,singer-songwriter,Czech,Soundtrack,piano,indie,female vocalist,acoustic,Lo-Fi",1,1
6lanRgr6wXibZr8KgzXxBl,a thousand years,Christina Perri,"Soundtrack,pop,female vocalists,love at first listen,breaking dawn,pop,female vocalists,singer-songwriter,indie,rock,american,indie pop,soul,folk,christina perri",1,1
0Cy7wt6IlRfBPHXXjmZbcP,Love Me Like You Do,Ellie Goulding,"pop,love at first listen,2015,Love,Tove Lo,female vocalists,electronic,british,indie,indie pop,pop,synthpop,electropop,singer-songwriter,folktronica",1,1
5zFEJ5R9FvqzlY3ayWCfPq,New Friends,Maty Noyes,"pop,indie pop,indie,american,female vocalists,teen pop,alternative,great vocals,4,us",1,1
76FZM38RC8XaAjJ77CVTNe,Into You,Ariana Grande,"pop,best of 2016,dance-pop,love at first listen,dance,pop,rnb,female vocalists,Ariana Grande,american,dance,r&b,nickelodeon,soul,dance-pop",1,1
5wANPM4fQCJwkGd4rN57mH,drivers license,Olivia Rodrigo,"pop,sad,bedroom pop,2021,sour,pop,pop rock,female vocalists,rock,indie pop,pop punk,teen pop,singer-songwriter,american,alt-pop",1,1
5ADMX2rLpxW8MlC3HLGJDF,Astronauts,Rachel Platten,"pop,indie pop,female vocalists,indie,singer-songwriter,All,american,Discoveries,my top songs,USA",1,1
5tmRPlsLbbY5zD6sg4snI9,Sweet Time,Lenka,"female vocalists,pop,indie pop,indie,australian,singer-songwriter,Lenka,dream pop,alternative,alternative pop",1,1
514rhnksEwHUh6LxXsQ4Y9,Back To You,Selena Gomez,"pop,female vocalists,Disney,pop rock,dance,Selena Gomez,american,electropop,teen pop,rnb",1,1
1V6gIisPpYqgFeWbMLI0bA,Heart Attack,Demi Lovato,"pop,Demi Lovato,dance,Heart attack,demi,pop,pop rock,female vocalists,Disney,guilty pleasure,rock,Demi Lovato,american,teen pop,singer-songwriter",1,1
1c97hmN3Z064RQZTvCfM84,Everything at Once,Lenka,"female vocalists,pop,indie pop,indie,australian,singer-songwriter,Lenka,dream pop,alternative,alternative pop",1,1
2iUXsYOEPhVqEBwsqP70rE,Youngblood,5 Seconds of Summer,"pop rock,rock,pop,new wave,2010s,pop punk,pop rock,pop,australian,rock,5 Seconds of Summer,male vocalists,australia,punk,5SOS",1,1
0u2P5u6lvoDfwTYjAADbn4,lovely (with Khalid),Billie Eilish,"13 reasons why,pop,alternative,indie,Khalid,pop,indie pop,electropop,art pop,alternative,female vocalists,indie,electronic,alternative rnb,ambient pop",1,1
2ccW4vFSVKRgVjkZzvdjRw,That's Why You Go Away,Michael Learns To Rock,"pop,rock,90s,easy listening,danish,soft rock,pop rock,Michael Learns To Rock,muLtr,male vocalists",1,1
2P4OICZRVAQcYAV2JReRfj,Waiting For Love,Avicii,"dance,swedish,House,2015 single,Avicii,House,electronic,dance,Progressive House,electro house,swedish,EDM,Avicii,electronica,club",1,1
60a0Rd6pjrkxjPbaKzXjfq,In the End,Linkin Park,"rock,Nu Metal,alternative rock,Linkin Park,alternative,Nu Metal,rock,alternative rock,alternative,metal,rapcore,alternative metal,american,Linkin Park,Nu-metal",1,1
4356Typ82hUiFAynbLYbPn,DJ Got Us Fallin' In Love (feat. Pitbull),USHER,"dance,rnb,electronic,party,male vocalists,rnb,Hip-Hop,pop,soul,rap,r&b,Usher,male vocalists,hip hop,dance",1,1
5kRBzRZmZTXVg8okC7SJFZ,Another Day Of Sun,La La Land Cast,"Soundtrack,jazz,musical,swing,United States,la la land",1,1
39ncDMVidHOeQgeC5anYZM,Someone In The Crowd,Emma Stone,"female vocalists,pop,sexy,USA,actors,cover,Soundtrack,under 2000 listeners,hollywood,musical",1,1
2cpIZ0zfnlNNwk99Hmpwpn,In The End,Tommee Profitt,"Soundtrack,pop,piano,USA,epic,United States,cinematic,producer,bossbeat,anthem worship",1,1
3s6ltUrI93LBKU8taezsLn,Magic in the Air (feat. Ahmed Chawki),Magic System,"african,french,Ivory Coast,soukous,africain-francais,zouglou,ivorian,world,cote divoire,zouk",1,1
2ekn2ttSfGqwhhate0LSR0,New Rules,Dua Lipa,"pop,dance,2017,electropop,tropical house,pop,synthpop,electropop,british,female vocalists,dance-pop,dance,nu-disco,Disco,dance pop",1,1
7ju97lgwC2rKQ6wwsf9no9,Rain On Me (with Ariana Grande),Lady Gaga,"Lady Gaga,pop,Ariana Grande,electropop,House,pop,dance,electronic,female vocalists,female vocalist,Lady Gaga,electropop,american,singer-songwriter,sexy",1,1
0KoiMHhqKLoL4xM54rcWYY,"Taki Taki (feat. Selena Gomez, Ozuna & Cardi B)",DJ Snake,"trap,electronic,dance,EDM,french,bass,france,moombahton,Selena Gomez,pop",1,1
2Fxmhks0bxGSBdJ92vM42m,bad guy,Billie Eilish,"electropop,dance-pop,pop,trap,2019,pop,indie pop,electropop,art pop,alternative,female vocalists,indie,electronic,alternative rnb,ambient pop",1,1
527BVezmvYjbc4JlVJW4Xj,No Time To Die,Billie Eilish,"james bond,2020,Billie Eilish,Soundtrack,pop,pop,indie pop,electropop,art pop,alternative,female vocalists,indie,electronic,alternative rnb,ambient pop",1,1
5PYQUBXc7NYeI1obMKSJK0,Never Really Over,Katy Perry,"pop,female vocalists,pop rock,indie,rock,american,dance,katy perry,female vocalist,electropop",1,1
0gplL1WMoJ6iYaPgMCL0gX,Easy On Me,Adele,"2021,pop,Adele,2020s,soul,soul,female vocalists,british,singer-songwriter,indie,pop,jazz,Adele,female vocalist,UK",1,1
09IStsImFySgyp0pIQdqAc,The Middle,Zedd,"pop,EDM,dance,electronic,2010s,electro house,electronic,House,electro,dubstep,complextro,Progressive House,dance,electronica,german",1,1
4MsUsFfWseB9M2plGJyuIw,ME! (feat. Brendon Urie of Panic! At The Disco),Taylor Swift,"pop,bubblegum pop,taylor swift,2019,brendon urie,country,pop,female vocalists,singer-songwriter,acoustic,country pop,taylor swift,american,snake,pop rock",1,1
4YieJ8UoB4t4w8Ua0N3nGv,Cool for the Summer,Demi Lovato,"5 Stars,pop,summer,pop rock,2015,pop,pop rock,female vocalists,Disney,guilty pleasure,rock,Demi Lovato,american,teen pop,singer-songwriter",1,1
72gv4zhNvRVdQA0eOenCal,Symphony (feat. Zara Larsson),Clean Bandit,"pop,electronic,dance,zara larsson,2017,electronic,indie,british,experimental,electronica,pop,House,instrumental,indie pop,uk funky",1,1
77sMIMlNaSURUAXq5coCxE,Fearless (Taylor’s Version),Taylor Swift,"country pop,country,country rock,pop rock,soft rock,country,pop,female vocalists,singer-songwriter,acoustic,country pop,taylor swift,american,snake,pop rock",1,1
4RVwu0g32PAqgUiJoXsdF8,Happier Than Ever,Billie Eilish,"noise pop,rock,pop punk,pop,Grunge,pop,indie pop,electropop,art pop,alternative,female vocalists,indie,electronic,alternative rnb,ambient pop",1,1
4ZtFanR9U6ndgddUvNcjcG,good 4 u,Olivia Rodrigo,"pop rock,rock,pop,pop punk,2021,pop,pop rock,female vocalists,rock,indie pop,pop punk,teen pop,singer-songwriter,american,alt-pop",1,1
2qT1uLXPVPzGgFOx4jtEuo,no tears left to cry,Ariana Grande,"pop,dance,dance-pop,Sweetener,Ariana Grande,pop,rnb,female vocalists,Ariana Grande,american,dance,r&b,nickelodeon,soul,dance-pop",1,1
7hDVYcQq6MxkdJGweuCtl9,ocean eyes,Billie Eilish,"pop,indie,dream pop,indie pop,WSUM 91.7 FM Madison,pop,indie pop,electropop,art pop,alternative,female vocalists,indie,electronic,alternative rnb,ambient pop",1,1
1r7MrNL4fRwFjq5h9u5Zdf,Water Run Dry,Chelsea Collins,"pop,USA,american,female vocalists,us",1,1
45bE4HXI0AwGZXfZtMp8JR,you broke me first,Tate McRae,"my top songs,pop,My Recommended Songs,Canadian,female vocalists,pop,my top songs,Canadian,electropop,canada,female vocalists,singer-songwriter,So Close to What,dancer,dance pop",1,1
5IoZdDVZdAnr4Icx4VNOep,Lose You To Love Me - Demo Version,Selena Gomez,"pop,female vocalists,Disney,pop rock,dance,Selena Gomez,american,electropop,teen pop,rnb",1,1
2VlLbhGLVJgdOW7kKdWWFc,Six Feet Under,Billie Eilish,"peter,Billie Eilish,indie,pop,sad,pop,indie pop,electropop,art pop,alternative,female vocalists,indie,electronic,alternative rnb,ambient pop",1,1
1dGr1c8CrMLDpV6mPbImSI,Lover,Taylor Swift,"pop,country,indie folk,Love,country pop,country,pop,female vocalists,singer-songwriter,acoustic,country pop,taylor swift,american,snake,pop rock",1,1
6FZDfxM3a3UCqtzo5pxSLZ,Without Me,Halsey,"pop,rnb,halsey,alternative,contemporary rnb,pop,indie pop,indie,alternative,female vocalists,electronic,american,electropop,synthpop,pop rock",1,1
37f4ITSlgPX81ad2EvmVQr,Fight Song,Rachel Platten,"pop,indie pop,female vocalists,indie,singer-songwriter,All,american,Discoveries,my top songs,USA",1,1
3eoyz3jZOHhko7hEwtEdnf,Lone Ranger,Rachel Platten,"pop,indie pop,female vocalists,indie,singer-songwriter,All,american,Discoveries,my top songs,USA",1,1
3ZCTVFBt2Brf31RLEnCkWJ,everything i wanted,Billie Eilish,"indie pop,pop,sad,indie,Billie Eilish,pop,indie pop,electropop,art pop,alternative,female vocalists,indie,electronic,alternative rnb,ambient pop",1,1
6Iocm6VMu6bVNYwiDoyQFW,Coming Home,Diddy - Dirty Money,"Hip-Hop,rnb,rap,pop,hip hop,Electro-Hop,electro hop,r&b,Hip Hop/Rap,american",1,1
GravityJessica Vosk,Gravity,Jessica Vosk,"Jessica,Wicked,elphaba,fiddler,Vosk,elphie",0,1
You Didn't KnowShoba Narayan,You Didn't Know,Shoba Narayan,"hazbin hotel,actresses",0,1
COMAensou,COMA,ensou,Filipino,0,1
5bccc301-20bb-4646-8575-2b13f613f8b0,Mag-exercise tayo,Yoyoy Villame,"Filipino,pinoy,philippine",0,1
dfb0faae-b33c-3396-ba00-a910413af188,Dahil Sa Iyo,Pinay,"sfo,NorCal",0,1
A-Hunting We Will GoLarry Groce/Disneyland Children's Sing-Along Chorus,A-Hunting We Will Go,Larry Groce/Disneyland Children's Sing-Along Chorus,dziecica,0,1
NO GAY ... NO WAY ( 1/3 )Focus on the Family,NO GAY ... NO WAY ( 1/3 ),Focus on the Family,"islam jihad,christian religion,taliban approved,jihad islam,the mind of the believer,hate group,vagina haters,christian taliban,christian jihad,bowling for bibles",0,1
184e3004-8cbd-3413-8cf7-4c10205b1bc9,Nazi Loli Moon Patrol,King Fahtah,"jihad,jihad islam,islam jihad,the mind of the believer,muhammad had a penis,biggie had a penis,jesus had a penis,taliban approved,fahtah,repulsed by love",0,1
SERIES 100 [19-21]Dave DiYanni,SERIES 100 [19-21],Dave DiYanni,"00,youth with a mission,the religious impulse,jihad,0,vineyard,christian religion,jihad islam,islam jihad,taliban approved",0,1
Eat Da Poo PooPastor Martin Ssempa,Eat Da Poo Poo,Pastor Martin Ssempa,"repulsed by love,islam jihad,taliban approved,jihad,the mind of the believer,jihad islam,misc,youth with a mission,religiosity,bowling for bibles",0,1
I can't inspect the hole -- for penetration [2-6]Focus on the Family,I can't inspect the hole -- for penetration [2-6],Focus on the Family,"islam jihad,christian religion,taliban approved,jihad islam,the mind of the believer,hate group,vagina haters,christian taliban,christian jihad,bowling for bibles",0,1
Plop Plop Yum YumPastor Martin Ssempa,Plop Plop Yum Yum,Pastor Martin Ssempa,"repulsed by love,islam jihad,taliban approved,jihad,the mind of the believer,jihad islam,misc,youth with a mission,religiosity,bowling for bibles",0,1
I can't inspect the hole -- for penetration [1-6]Focus on the Family,I can't inspect the hole -- for penetration [1-6],Focus on the Family,"islam jihad,christian religion,taliban approved,jihad islam,the mind of the believer,hate group,vagina haters,christian taliban,christian jihad,bowling for bibles",0,1
chapel teaching [ 7 -- 17+Dave DiYanni,chapel teaching [ 7 -- 17+,Dave DiYanni,"00,youth with a mission,the religious impulse,jihad,0,vineyard,christian religion,jihad islam,islam jihad,taliban approved",0,1
Hatachi Kinenbi (Peter Pan Syndrome)雅～みやび～,Hatachi Kinenbi (Peter Pan Syndrome),雅～みやび～,japanese,0,1
Cafe Caipira - Rabo de PeixeRobinson Borba,Cafe Caipira - Rabo de Peixe,Robinson Borba,"pe vermelho,experimental brazil",0,1
DayamiThe Purplechickens,Dayami,The Purplechickens,pinoy,0,1
TelluriaThe Purplechickens,Telluria,The Purplechickens,pinoy,0,1
RotondaThe Purplechickens,Rotonda,The Purplechickens,pinoy,0,1
FriendzonedBad Hair Day,Friendzoned,Bad Hair Day,"hard rock,Tribute,bon jovi,80's,Poison,hairbands",0,1
Big KlamotySandra S,Big Klamoty,Sandra S,"polish,poland,disco polo,polskie",0,1
I'LL ObeyCarla Martin,I'LL Obey,Carla Martin,"gospel female vocalist,new female artist,hot female gospel rapper,new gospel female artist,female gospel artist,female gospel singer,female gospel writer composer and singer",0,1
Puzzle -extra hot mix-Welcome to the N.H.K.,Puzzle -extra hot mix-,Welcome to the N.H.K.,japanese,0,1
Project TenSmile for the Guillotine,Project Ten,Smile for the Guillotine,"The,smile,smile for the guillotine,for,guillotine",0,1
Medley: Lover Come Back To Me/Avalon/Waiting For The SunriseDavid Rea,Medley: Lover Come Back To Me/Avalon/Waiting For The Sunrise,David Rea,"davidrea,david,Rea",0,1
Just Cant Be ToldSmile for the Guillotine,Just Cant Be Told,Smile for the Guillotine,"The,smile,smile for the guillotine,for,guillotine",0,1
PovertySmile for the Guillotine,Poverty,Smile for the Guillotine,"The,smile,smile for the guillotine,for,guillotine",0,1
ILLIT (아일릿) ‘Cherish (My Love)’ Official MVHYBE Labels,ILLIT (아일릿) ‘Cherish (My Love)’ Official MV,HYBE Labels,"BTSMV,bts,MV,txt,enhypen,suga,RM,Hube labels,bangtan,HYBE Labels",0,1
"The Rapture: The First Call; Hark...; The Period To Repent, The Media Reaction; The Final Call; Tribulation (Rapture Begins); The Sound of Demons; Bodily Teleportation; Those Tones Left Over; IUninterpretative: no!","The Rapture: The First Call; Hark...; The Period To Repent, The Media Reaction; The Final Call; Tribulation (Rapture Begins); The Sound of Demons; Bodily Teleportation; Those Tones Left Over; I",Uninterpretative: no!,"spoken word,spamfm,god damnit shit scrobbled fuck you and your tracks,poetry,walk,the real slim shady,post-music,god of lastfm,this is music,thought-provoking",0,1
Tu Guardaras (En Completa Paz)Peregrinos y Extranjeros,Tu Guardaras (En Completa Paz),Peregrinos y Extranjeros,"Musica Cristiana,PEREGRINOS Y EXTRANJEROS,cararuiz library",0,1
987181e5-4a9e-35a9-99d1-28aa21e1c44f,You Didn't Have To,Lee Williams & The Spiritual QC's,"Traditional Gospel,quartet,Contemporary Gospel Tag,the williams brothers",0,1
The Timeless RosembaurieValbuena,The Timeless Rosembaurie,Valbuena,"Valbuena,bass house,influenced from oldies,kudu,13-year old,Crystal Castles,all the people in the world,house beats,William,TECHNO BEATS",0,1
Opposite Of IndieThe Drunken Blue Apple Fishes,Opposite Of Indie,The Drunken Blue Apple Fishes,"craft spells,the wave picture,talking to turtles,the sunflower spectacle,jake bugg,the tallest man on earth,nickel eye,the blank tapes,we were promised jetpacks,telekinesis",0,1
Hazel's First RideDavid Rea,Hazel's First Ride,David Rea,"davidrea,david,Rea",0,1
Hands Up!David Rea,Hands Up!,David Rea,"davidrea,david,Rea",0,1
Harlequin RomanceDavid Rea,Harlequin Romance,David Rea,"davidrea,david,Rea",0,1
The Country SongDavid Rea,The Country Song,David Rea,"davidrea,david,Rea",0,1
Three Times SevenDavid Rea,Three Times Seven,David Rea,"davidrea,david,Rea",0,1
Old Aunt DinahDavid Rea,Old Aunt Dinah,David Rea,"davidrea,david,Rea",0,1
Faded BlueDavid Rea,Faded Blue,David Rea,"davidrea,david,Rea",0,1
Walkin' BluesDavid Rea,Walkin' Blues,David Rea,"davidrea,david,Rea",0,1
Beyond The Reach Of The LawDavid Rea,Beyond The Reach Of The Law,David Rea,"davidrea,david,Rea",0,1
Dry BreadDavid Rea,Dry Bread,David Rea,"davidrea,david,Rea",0,1
Heros Of My ChildhoodDavid Rea,Heros Of My Childhood,David Rea,"davidrea,david,Rea",0,1
The GiftDavid Rea,The Gift,David Rea,"davidrea,david,Rea",0,1
Covered BridgeDavid Rea,Covered Bridge,David Rea,"davidrea,david,Rea",0,1
Kindlin' WoodDavid Rea,Kindlin' Wood,David Rea,"davidrea,david,Rea",0,1
MadeleineDavid Rea,Madeleine,David Rea,"davidrea,david,Rea",0,1
AnnieDavid Rea,Annie,David Rea,"davidrea,david,Rea",0,1
Medley: Lover Come Back To Me/Avalon/Waiting For The SunriseDavid Rea,Medley: Lover Come Back To Me/Avalon/Waiting For The Sunrise,David Rea,"davidrea,david,Rea",0,1
pointlessveezuh,pointless,veezuh,"emo plugg,pluggnb",0,1
EwéWoya,Ewé,Woya,"ambiance,fanfare,divo,cote d ivoire,Abidjan,Super groupe,Ouest Africa,woya,nord-sud muziki-TV",0,1
Chèque Sans ProvisionWoya,Chèque Sans Provision,Woya,"ambiance,fanfare,divo,cote d ivoire,Abidjan,Super groupe,Ouest Africa,woya,nord-sud muziki-TV",0,1
Woya - Kacou AnanzeWoya,Woya - Kacou Ananze,Woya,"ambiance,fanfare,divo,cote d ivoire,Abidjan,Super groupe,Ouest Africa,woya,nord-sud muziki-TV",0,1
MargueritaWoya,Marguerita,Woya,"ambiance,fanfare,divo,cote d ivoire,Abidjan,Super groupe,Ouest Africa,woya,nord-sud muziki-TV",0,1
Café DoufléWoya,Café Douflé,Woya,"ambiance,fanfare,divo,cote d ivoire,Abidjan,Super groupe,Ouest Africa,woya,nord-sud muziki-TV",0,1
"Forever CountryArtists of Then, Now & Forever",Forever Country,"Artists of Then, Now & Forever","reba mcentire,Carrie Underwood,Blake Shelton",0,1
FifteenAnalog Moth,Fifteen,Analog Moth,"south bend,H Tom Golana,Johnathan R Albert,civil service",0,1
"HTDE: Josh Gad defeats earworms, and we make a pitch to Pete ButtigiegWait Wait... Don't Tell Me!","HTDE: Josh Gad defeats earworms, and we make a pitch to Pete Buttigieg",Wait Wait... Don't Tell Me!,"npr,comedy,podcast,funny,chicago,radio show,News,quiz,game show,national public radio",0,1
정국 (Jung Kook) 'Never Let Go' Lyric Videobangtantv,정국 (Jung Kook) 'Never Let Go' Lyric Video,bangtantv,"bts,choreography,big hit entertainment,bangtantv,HYBE Labels,Big Hit Music,BTS Pop,BTS CONTENT,BTS MV,BTS RUN",0,1
We Don't Talk Anymore PT.2 by Jimin & JKJimin & JK,We Don't Talk Anymore PT.2 by Jimin & JK,Jimin & JK,bts,0,1
방탄소년단(BTS) '쩔어' Concept photo & MV shootingbangtantv,방탄소년단(BTS) '쩔어' Concept photo & MV shooting,bangtantv,"bts,choreography,big hit entertainment,bangtantv,HYBE Labels,Big Hit Music,BTS Pop,BTS CONTENT,BTS MV,BTS RUN",0,1
Yeşil ÖrdekAyhan Günyıl,Yeşil Ördek,Ayhan Günyıl,"guitarist,guitar virtuoso",0,1
OctagonThe Math Wizard,Octagon,The Math Wizard,"chiptune,8-bit,dungeon synth,math synth,video game music,chiptune synth,bit music,abstract synth,dungeon-synth,french dungeon synth",0,1
ParallelogramThe Math Wizard,Parallelogram,The Math Wizard,"chiptune,8-bit,dungeon synth,math synth,video game music,chiptune synth,bit music,abstract synth,dungeon-synth,french dungeon synth",0,1
TrapezoidThe Math Wizard,Trapezoid,The Math Wizard,"chiptune,8-bit,dungeon synth,math synth,video game music,chiptune synth,bit music,abstract synth,dungeon-synth,french dungeon synth",0,1
CircleThe Math Wizard,Circle,The Math Wizard,"chiptune,8-bit,dungeon synth,math synth,video game music,chiptune synth,bit music,abstract synth,dungeon-synth,french dungeon synth",0,1
HexagonThe Math Wizard,Hexagon,The Math Wizard,"chiptune,8-bit,dungeon synth,math synth,video game music,chiptune synth,bit music,abstract synth,dungeon-synth,french dungeon synth",0,1
Mistral Gagnant [renaud Cover]Vanessa Paradis & Maxime Leforestier,Mistral Gagnant [renaud Cover],Vanessa Paradis & Maxime Leforestier,chanson,0,1
"Just Stand Up!Beyoncé, Mary J. Blige, Rihanna, Fergie, Sheryl Crow, Melissa Etheridge, Natasha Bedingfield, Miley Cyrus, Leona Lewis, Carrie Underwood, Keyshia Cole, LeAnn Rimes, Ashanti, Ciara & Mariah Carey",Just Stand Up!,"Beyoncé, Mary J. Blige, Rihanna, Fergie, Sheryl Crow, Melissa Etheridge, Natasha Bedingfield, Miley Cyrus, Leona Lewis, Carrie Underwood, Keyshia Cole, LeAnn Rimes, Ashanti, Ciara & Mariah Carey",Best voices,0,1
MissingAlex Christensen & The Berlin Orchestra,Missing,Alex Christensen & The Berlin Orchestra,"orchestral,orchestra",0,1
Marry Your DaughterBRKN RBTZ,Marry Your Daughter,BRKN RBTZ,McKnight,0,1
cca4643d-c79f-47e7-940c-7ac0e6726164,let up,lxstk1,Emo YN music,0,1
LindauEpervier,Lindau,Epervier,"germany,lindau",0,1
Bhangra Punjabian DaVirsa Productionz,Bhangra Punjabian Da,Virsa Productionz,"Bhangra,exquisite noise records",0,1
Call Me Maybe (Carly Rae Jepsen Cover)Jasper Drive,Call Me Maybe (Carly Rae Jepsen Cover),Jasper Drive,"the summer set,the maine,arizona,az,Like,perfec,ATL,mayday parad,Summer Set,scottsdale",0,1
"It Takes TwoMike Will Made-It, Lil Yachty & Carly Rae Jepsen",It Takes Two,"Mike Will Made-It, Lil Yachty & Carly Rae Jepsen","mike will made-it,Carly Rae Jepsen,lil yachty",0,1
I REALLY LIKE YOU (Aoki Hardstyle)Aoki,I REALLY LIKE YOU (Aoki Hardstyle),Aoki,steve aoki,0,1
Smeraldo Garden Marching BandJimin & Loco,Smeraldo Garden Marching Band,Jimin & Loco,jimin,0,1
"Smeraldo Garden Marching Band (feat. Loco)Jimin, Loco",Smeraldo Garden Marching Band (feat. Loco),"Jimin, Loco",jimin,0,1
Seven (feat. Latto) (Explicit Ver.)King Fahtah,Seven (feat. Latto) (Explicit Ver.),King Fahtah,"jihad,jihad islam,islam jihad,the mind of the believer,muhammad had a penis,biggie had a penis,jesus had a penis,taliban approved,fahtah,repulsed by love",0,1
BTS PROOF ALBUM UNBOXING 2022King Fahtah,BTS PROOF ALBUM UNBOXING 2022,King Fahtah,"jihad,jihad islam,islam jihad,the mind of the believer,muhammad had a penis,biggie had a penis,jesus had a penis,taliban approved,fahtah,repulsed by love",0,1
SerendipityHYBE Labels,Serendipity,HYBE Labels,"BTSMV,bts,MV,txt,enhypen,suga,RM,Hube labels,bangtan,HYBE Labels",0,1
Hate YouKing Fahtah,Hate You,King Fahtah,"jihad,jihad islam,islam jihad,the mind of the believer,muhammad had a penis,biggie had a penis,jesus had a penis,taliban approved,fahtah,repulsed by love",0,1
wyomingThis Town Right Now,wyoming,This Town Right Now,"instrumental rock,tallahassee",0,1
Green HousesThank You Kindly,Green Houses,Thank You Kindly,seen live three times,0,1
be78917d-ee36-4283-be3b-85b4ca6ccabf,Nobody There,Stephen Harrison,"stephen harrison,Orange Juice,Lloyd Cole And The Commotions,the walker brothers,lesser known yet streamable artists,Check it out,richard hawley,the bue nile,Cherry Ghost,scott walker",0,1
This Is Real (Original Mix)Drake Liddell,This Is Real (Original Mix),Drake Liddell,"bounce,scouse,donk",0,1
Hazel Eyes (original mix)DJ Nemesis,Hazel Eyes (original mix),DJ Nemesis,psytrance,0,1
Leave a Light on for Me (Bad Behavior mix)Dream Factory,Leave a Light on for Me (Bad Behavior mix),Dream Factory,"Progressive rock,Progressive metal",0,1
I'll Make A Man Out Of You (Mulan)UCLA ScatterTones,I'll Make A Man Out Of You (Mulan),UCLA ScatterTones,"a cappella groups,a cappella",0,1
Prijatelju nije lakoSlavonske Lole,Prijatelju nije lako,Slavonske Lole,"croatian,tamburasi,hrvatska,freestyle,slavonske lole,moja muzika,tamburica,radio banovina",0,1
Zbogom za zbogomGazde,Zbogom za zbogom,Gazde,"croatian,Hrvatsko,tamburasi,moja muzika,tambure",0,1
BecaracZVONA,Becarac,ZVONA,"croatian,Croatia,narodni radio,hrvatska,radio banovina,tamburica,tamburasi",0,1
Dao Sam Ti DusuAlen Slavica,Dao Sam Ti Dusu,Alen Slavica,"croatian,Alen Slavica,moja muzika",0,1
ffdaf466-b010-3d66-94f1-71e5219183ad,Black Beauty,Kroakers,"desert rock,Psyche,mind music,pacific northwest,olympia wa,portland OR,gossip,heroin,horses,HORSE",0,1
Preko KapeleSlavonske Lole,Preko Kapele,Slavonske Lole,"croatian,tamburasi,hrvatska,freestyle,slavonske lole,moja muzika,tamburica,radio banovina",0,1
Uzmi Sve Sto ti zivot ruzaZoran Begic,Uzmi Sve Sto ti zivot ruza,Zoran Begic,radio banovina,0,1
zbog tebe patimDrvenjaki,zbog tebe patim,Drvenjaki,croatian,0,1
PANAMAPeki,PANAMA,Peki,minimal,0,1
odkad ti nisi krajDrvenjaki,odkad ti nisi kraj,Drvenjaki,croatian,0,1
"Something in the Way (grunge ballad, re-written lyrics)Kevin Cryderman","Something in the Way (grunge ballad, re-written lyrics)",Kevin Cryderman,"indie folk-rock,alternative folk rock,bon iver,michael penn,okkervil river,emm gryner,fully streamable albums,Dan Bern,ron sexsmith,Glen Hansard",0,1
Do You RememberPanda Aka Wil Mataolin Coffey,Do You Remember,Panda Aka Wil Mataolin Coffey,"New Zealand,soul folk,Wellington,singer songwriter,the grateful dead,male voice,panda,nu folk,do you remember,Maybe Tonight",0,1
Don't Fool YourselfPanda Aka Wil Mataolin Coffey,Don't Fool Yourself,Panda Aka Wil Mataolin Coffey,"New Zealand,soul folk,Wellington,singer songwriter,the grateful dead,male voice,panda,nu folk,do you remember,Maybe Tonight",0,1
La Puesta Del SolPanda Aka Wil Mataolin Coffey,La Puesta Del Sol,Panda Aka Wil Mataolin Coffey,"New Zealand,soul folk,Wellington,singer songwriter,the grateful dead,male voice,panda,nu folk,do you remember,Maybe Tonight",0,1
384b9cdc-7889-4764-bc87-d6ae9f798fcb,No Frauds,"Nicki Minaj, Drake & Lil Wayne",Merge,0,1
155c89ab-dd25-4359-b68b-f2d1613c8259,Secunena,Sayuri & Sopholov,"mexico,cumbiaton,Reggaeton mexicano",0,1
This Is England  ( UK Hardcore remix )England Lads,This Is England  ( UK Hardcore remix ),England Lads,"wartrance,conservative techno,techno against communism",0,1
"La Última CopaTrio Los Panchos, J. Rodriguez",La Última Copa,"Trio Los Panchos, J. Rodriguez",bolero,0,1
03724ff9-0e8e-4b86-8214-d648b75305cd,111,Yan Block,puerto rico,0,1
O Amor de Antes (part. Zezé Di Camargo & Luciano)Hugo & Tiago,O Amor de Antes (part. Zezé Di Camargo & Luciano),Hugo & Tiago,sertanejo,0,1
32b2a643-89dc-430e-ab07-626c6bc9d3ac,Dark Rain,Current Value,"neurofunk,jump up,Drum and bass,darkstep,techstep,darkside,dnb,skullstep,technoid,roller",0,1
a65546ff-75ba-3c6a-97bf-3fff3e83dd0d,In a Far Future,Current Value,"neurofunk,jump up,Drum and bass,darkstep,techstep,darkside,dnb,skullstep,technoid,roller",0,1
1f110d0c-4332-3960-8775-3917052d1599,Macromechanism,Current Value,"neurofunk,jump up,Drum and bass,darkstep,techstep,darkside,dnb,skullstep,technoid,roller",0,1
39fb73fa-59c4-38ac-b655-ddc336e4eb6a,Acid Generator,Current Value,"neurofunk,jump up,Drum and bass,darkstep,techstep,darkside,dnb,skullstep,technoid,roller",0,1
Tanto FazKaelzinho Ferraz,Tanto Faz,Kaelzinho Ferraz,"arrocha,Brega",0,1
The SimpsonsSteven Mead,The Simpsons,Steven Mead,"brass,euphonium",0,1
Queens of the Steamed HamsHashmaker,Queens of the Steamed Hams,Hashmaker,"Hash,lobsters,buckfast",0,1
a3db7e5e-fe8c-3188-992c-104eb6976793,So Dumb (Homer's Lament),Dan Castellaneta,"The Simpsons,comedy,Desperate Housewives,stupid flanders,betty white colleagues and friends,the simpsons s34,disney Aladdin the series,The Simpsons S36",0,1
Eat Your MakeupThe Earth Program,Eat Your Makeup,The Earth Program,"neutral milk hotel,The Unicorns,invade,MST3K,le gloom,60's,ufo,stoner pop,audio,The Vaselines",0,1
Organ Donor WarIntentionally Blank,Organ Donor War,Intentionally Blank,"juicy orange,true gay black metal,glueck,way of life,zufaellig,johann kaefig,kaefig,bad tatse,rockin orangensaft,johannes kaefig",0,1
Pickle and MayoTruett Cathy,Pickle and Mayo,Truett Cathy,"homophobia,homophobic,fundagelical,repulsed by love,talibangelical,christian taliban,hymn,mevlid-i,turkish hymn,kerim",0,1
Plop Plop Yum YumPastor Martin Ssempa,Plop Plop Yum Yum,Pastor Martin Ssempa,"repulsed by love,islam jihad,taliban approved,jihad,the mind of the believer,jihad islam,misc,youth with a mission,religiosity,bowling for bibles",0,1
Sneaky Tricks for Leaders & Learners of Learning OrganizationsDan Cathy,Sneaky Tricks for Leaders & Learners of Learning Organizations,Dan Cathy,"ccm,misc,finely tailored,islam jihad,fundagelical,youth with a mission,vineyard,talibangelical,muhammad had a penis,sometimes auditory",0,1
chapel teaching [ 7 -- 17+Dave DiYanni,chapel teaching [ 7 -- 17+,Dave DiYanni,"00,youth with a mission,the religious impulse,jihad,0,vineyard,christian religion,jihad islam,islam jihad,taliban approved",0,1
FC TEACHING TAPESDave DiYanni,FC TEACHING TAPES,Dave DiYanni,"00,youth with a mission,the religious impulse,jihad,0,vineyard,christian religion,jihad islam,islam jihad,taliban approved",0,1
184e3004-8cbd-3413-8cf7-4c10205b1bc9,Nazi Loli Moon Patrol,King Fahtah,"jihad,jihad islam,islam jihad,the mind of the believer,muhammad had a penis,biggie had a penis,jesus had a penis,taliban approved,fahtah,repulsed by love",0,1
chapel teaching - bible -Dave DiYanni,chapel teaching - bible -,Dave DiYanni,"00,youth with a mission,the religious impulse,jihad,0,vineyard,christian religion,jihad islam,islam jihad,taliban approved",0,1
Two Preachers One CupPastor Martin Ssempa,Two Preachers One Cup,Pastor Martin Ssempa,"repulsed by love,islam jihad,taliban approved,jihad,the mind of the believer,jihad islam,misc,youth with a mission,religiosity,bowling for bibles",0,1
I drink pee pee from a frozen dookie bowlDonald Trump,I drink pee pee from a frozen dookie bowl,Donald Trump,"Flatulence,this man has long shiny flapjack tits,the epitome of disgrace,damick,total dulukk and jpoptrasher and lenushiromiya spam the fuck out of everything,dulukk and jpoptrasher and lenushiromiya spam the fuck out of everything,Andrew,the original juggalo,mitch mcconnell,Rudy Giuliani",0,1
LONELY ROLLING STARSaki Kabata,LONELY ROLLING STAR,Saki Kabata,japan,0,1
4ebf2762-53db-4670-9804-f884aace738a,Doçura,Marina Sena & Çantamarta,Marina Sena,0,1
BaltimoreAmong Wolves,Baltimore,Among Wolves,Baltimore,0,1
Forever - Junior Eurovision 2020 / KazakhstanKarakat Bashanova,Forever - Junior Eurovision 2020 / Kazakhstan,Karakat Bashanova,"kids,Kazakhstan",0,1
TarazRassim,Taraz,Rassim,"Kazakhstan,Taraz Rap,Zhambyl,Rassim,fb,KTL,Paradox No Limit,taraz",0,1
Бiр тамшы жасМузАРТ,Бiр тамшы жас,МузАРТ,"music while pederasting,mambetcore",0,1
Qazaq qyzyQudyr,Qazaq qyzy,Qudyr,Kazakhstan,0,1
Kereksen'Miran,Kereksen',Miran,"kazakh,kazakh pop,Karakalpak,Kazakhstan,qaraqalpaq,Karakalpakstan,turkic,karakalpak pop,Miran",0,1
O'zin' baxtimMiran,O'zin' baxtim,Miran,"kazakh,kazakh pop,Karakalpak,Kazakhstan,qaraqalpaq,Karakalpakstan,turkic,karakalpak pop,Miran",0,1
SagynyshMiran,Sagynysh,Miran,"kazakh,kazakh pop,Karakalpak,Kazakhstan,qaraqalpaq,Karakalpakstan,turkic,karakalpak pop,Miran",0,1
Sag'insan' bildirMiran,Sag'insan' bildir,Miran,"kazakh,kazakh pop,Karakalpak,Kazakhstan,qaraqalpaq,Karakalpakstan,turkic,karakalpak pop,Miran",0,1
BaralmadimMiran,Baralmadim,Miran,"kazakh,kazakh pop,Karakalpak,Kazakhstan,qaraqalpaq,Karakalpakstan,turkic,karakalpak pop,Miran",0,1
f9625130-b4ef-4651-a263-12ab6159967d,Zoosh,Toxic Anger Syndrome,"darkpsy,psytrance,dark psytrance,mtce new likes,TryAgain",0,1
Soulja Kart Double Crank for the SuperCubeAin't So Sunny,Soulja Kart Double Crank for the SuperCube,Ain't So Sunny,"mash-up,silly,shitfuckingpoopcore,mashup",0,1
Wyllin (ft Soulja Boy Tell Em)Twinn & Fatt Kidd,Wyllin (ft Soulja Boy Tell Em),Twinn & Fatt Kidd,"cartoon,Twinn Fatt kidd Bep Filno bep New Orleans,twinn,like huah,filnobep,fatt kidd,broken equipment",0,1
SwaggtasticBOSS RUFF,Swaggtastic,BOSS RUFF,"rich ken,oj the juiceman,Doughboyz Cashout,Slim Dunkin,kreayshawn,Slim Thugg,kid ink,boss ruff,Waka Flocka,Yo Gotti",0,1
Fire It UpS.O.D. Money Gang,Fire It Up,S.O.D. Money Gang,LIL B,0,1
Jah no Coração / Babylon Bridge (feat. Kim Pommell - Groundation)Angatu,Jah no Coração / Babylon Bridge (feat. Kim Pommell - Groundation),Angatu,"brazilian reggae,reggae nacional,Angatu,Pedro Angi,Pablo See A Rasta,Kim Pommell,Roots Reggae Brasil,cultivo",0,1
Jah no Coração / Babylon BridgeAngatu,Jah no Coração / Babylon Bridge,Angatu,"brazilian reggae,reggae nacional,Angatu,Pedro Angi,Pablo See A Rasta,Kim Pommell,Roots Reggae Brasil,cultivo",0,1
A Vida Que Eu Sempre QuisAngatu,A Vida Que Eu Sempre Quis,Angatu,"brazilian reggae,reggae nacional,Angatu,Pedro Angi,Pablo See A Rasta,Kim Pommell,Roots Reggae Brasil,cultivo",0,1
ALL EYESTwxn,ALL EYES,Twxn,"bad,AI,weirdo,rage,opium,ass,ATL Rap,yvl,carti,trap rap",0,1
0699e82e-94d9-4f8a-a651-25a64fdc0369,Orkneys,3 Mice,"Avant-Prog,Avant-Garde,RIO,Rock In Opposition,rio-oriented,chamber rock,Progressive rock,prog,art rock,avant rock",0,1
4c84fe19-84ed-4f02-960f-f94510c28eec,Dreamtime in Glasgow,Colin Hay Band,"rock-crossover grunge alternative,rock-alternative",0,1
"The Town Inside MeAISHA, Arc System Works",The Town Inside Me,"AISHA, Arc System Works",japanese,0,1
RPSbachelorbby,RPS,bachelorbby,lgbtq hip hop,0,1
Like a VirginKing Fahtah,Like a Virgin,King Fahtah,"jihad,jihad islam,islam jihad,the mind of the believer,muhammad had a penis,biggie had a penis,jesus had a penis,taliban approved,fahtah,repulsed by love",0,1
your face your bassoonKing Fahtah,your face your bassoon,King Fahtah,"jihad,jihad islam,islam jihad,the mind of the believer,muhammad had a penis,biggie had a penis,jesus had a penis,taliban approved,fahtah,repulsed by love",0,1
Orthodox and Roman Catholic Differences -Part 1Fr. Andrew Stephen Damick and Ancient Faith Radio,Orthodox and Roman Catholic Differences -Part 1,Fr. Andrew Stephen Damick and Ancient Faith Radio,"ccm,religious,preacher,religion,internet,contemporary christian,Orthodox,eastern orthodox,preachers,total spambo",0,1
Fucking Cunts (Jingle Bells)King Fahtah,Fucking Cunts (Jingle Bells),King Fahtah,"jihad,jihad islam,islam jihad,the mind of the believer,muhammad had a penis,biggie had a penis,jesus had a penis,taliban approved,fahtah,repulsed by love",0,1
dawntowndamickey,dawntown,damickey,"the internet,www,podcast,alternative media,fahtah,the bob,Orthodox,eastern orthodox,sermons,preacher",0,1
"Devil, devil go awayLittle Marcy","Devil, devil go away",Little Marcy,"june,thursday,august,September,march,november,december,Wednesday,July,january",0,1
GothmobileVampire Beach Babes,Gothmobile,Vampire Beach Babes,"psychobilly,gothabilly,Horror Surf,Surf,deathrock,surf rock,SURF GOTH,Gothic Rock,horrorsurf,gothic surf",0,1
efb43446-5304-397f-a045-ab87f417562f,I Love You,Redd Foxx,"stand-up,comedy,humor-com,huggy,funny,foxxx,lol,foxx,rotfl,ROFL",0,1
a1d8e2d2-f48b-3bfb-920b-9218de4be164,Doorknob,Redd Foxx,"stand-up,comedy,humor-com,huggy,funny,foxxx,lol,foxx,rotfl,ROFL",0,1
816b6b6e-4a29-3979-96d1-2beec878b379,Organ Transplant,Redd Foxx,"stand-up,comedy,humor-com,huggy,funny,foxxx,lol,foxx,rotfl,ROFL",0,1
Makin’ SandwichesRedd Foxx,Makin’ Sandwiches,Redd Foxx,"stand-up,comedy,humor-com,huggy,funny,foxxx,lol,foxx,rotfl,ROFL",0,1
0X1=LOVESONG (I Know I Love You) feat. SeoriHYBE Labels,0X1=LOVESONG (I Know I Love You) feat. Seori,HYBE Labels,"BTSMV,bts,MV,txt,enhypen,suga,RM,Hube labels,bangtan,HYBE Labels",0,1
BTS (방탄소년단)BTS Enjoys Ice Cream,BTS (방탄소년단),BTS Enjoys Ice Cream,"Dynamite,bts,bangtantv,hybe,BANGTAN BOMBS,Big Hit Music,BTS Pop,BTS BANGTAN BOMBS",0,1
My HumpsArt Directors,My Humps,Art Directors,hypertechno,0,1
I can't inspect the hole -- for penetration [3-6]Dr. James Dobson,I can't inspect the hole -- for penetration [3-6],Dr. James Dobson,"hate group,hate crimes,christian taliban,christian jihad,christian religion,word of faith,the religious impulse,vagina haters,teen suicide and self-loathing,the mind of the believer",0,1
Allah AkhbarIráčtí Fundamentalisté,Allah Akhbar,Iráčtí Fundamentalisté,"arabic,islam jihad,jihad islam,mad muhammad,muhammad had a penis,jesus had a penis,muhammad approves,confucius had a penis,does allah have a penis,lincoln had a penis",0,1
"It isn't Hate if You say ""I LOVE YOU""James Dobson","It isn't Hate if You say ""I LOVE YOU""",James Dobson,"anti-gay,bully,hate crimes,repulsed by love,hate group,youth with a mission,the religious impulse,islam jihad,jihad islam,the mind of the believer",0,1
SERIES 100 [3-21]Dave DiYanni,SERIES 100 [3-21],Dave DiYanni,"00,youth with a mission,the religious impulse,jihad,0,vineyard,christian religion,jihad islam,islam jihad,taliban approved",0,1
"It isn't Hate if You say ""I LOVE YOU""Dr. James Dobson","It isn't Hate if You say ""I LOVE YOU""",Dr. James Dobson,"hate group,hate crimes,christian taliban,christian jihad,christian religion,word of faith,the religious impulse,vagina haters,teen suicide and self-loathing,the mind of the believer",0,1
54b3fc4d-b8d6-3068-bfd0-7bab7988c125,I Don't Understand,King Fahtah,"jihad,jihad islam,islam jihad,the mind of the believer,muhammad had a penis,biggie had a penis,jesus had a penis,taliban approved,fahtah,repulsed by love",0,1
BAD GIRL少女時代(SNSD),BAD GIRL,少女時代(SNSD),SNSD,0,1
Leaving the ShadeBesto,Leaving the Shade,Besto,"hi-fi stereo,Besto,Electric Music,new sound,Super Sound,sinthpop,techno sound,super space,moscow,2000's",0,1
From Dusk Till DawnDawn Der Henker,From Dusk Till Dawn,Dawn Der Henker,"deutsch,mobb deep,Necro,GANGSTARR,Cypress Hill,Taktloss,Ill Bill,regensburg,frontalangriff,Dizzee Rascal",0,1
Terrorist Fist Jab [1 ----- 4]E. D. Hill,Terrorist Fist Jab [1 ----- 4],E. D. Hill,"the ladies of fox news,the ladies of cnn,jihad islam,islam jihad,fundagelical,youth with a mission,muhammad approves,taliban approved,vaginal recipe,Planet Kolob",0,1
My Vagina has a First Name: It is P.U.S.S.Y.Jane Skinner,My Vagina has a First Name: It is P.U.S.S.Y.,Jane Skinner,"nephi,Corinthians,ecclesiastes,Malachi,song of solomon,Fox Television,fox tv,european americans,european american,haggai",0,1
I can't inspect the hole -- for penetration [1-6]Focus on the Family,I can't inspect the hole -- for penetration [1-6],Focus on the Family,"islam jihad,christian religion,taliban approved,jihad islam,the mind of the believer,hate group,vagina haters,christian taliban,christian jihad,bowling for bibles",0,1
Eat Da Poo PooPastor Martin Ssempa,Eat Da Poo Poo,Pastor Martin Ssempa,"repulsed by love,islam jihad,taliban approved,jihad,the mind of the believer,jihad islam,misc,youth with a mission,religiosity,bowling for bibles",0,1
SERIES 100 [19-21]Dave DiYanni,SERIES 100 [19-21],Dave DiYanni,"00,youth with a mission,the religious impulse,jihad,0,vineyard,christian religion,jihad islam,islam jihad,taliban approved",0,1
Two Preachers One CupPastor Martin Ssempa,Two Preachers One Cup,Pastor Martin Ssempa,"repulsed by love,islam jihad,taliban approved,jihad,the mind of the believer,jihad islam,misc,youth with a mission,religiosity,bowling for bibles",0,1
SERIES 100 [4-21]Dave DiYanni,SERIES 100 [4-21],Dave DiYanni,"00,youth with a mission,the religious impulse,jihad,0,vineyard,christian religion,jihad islam,islam jihad,taliban approved",0,1
I can't inspect the hole -- for penetration [3-6]Dr. James Dobson,I can't inspect the hole -- for penetration [3-6],Dr. James Dobson,"hate group,hate crimes,christian taliban,christian jihad,christian religion,word of faith,the religious impulse,vagina haters,teen suicide and self-loathing,the mind of the believer",0,1
I'll stay in the closet todayPastor Martin Ssempa,I'll stay in the closet today,Pastor Martin Ssempa,"repulsed by love,islam jihad,taliban approved,jihad,the mind of the believer,jihad islam,misc,youth with a mission,religiosity,bowling for bibles",0,1
My Vagina has a First Name: It is P.U.S.S.Y.E. D. Hill,My Vagina has a First Name: It is P.U.S.S.Y.,E. D. Hill,"the ladies of fox news,the ladies of cnn,jihad islam,islam jihad,fundagelical,youth with a mission,muhammad approves,taliban approved,vaginal recipe,Planet Kolob",0,1
"Boys Have Penises, Girls Have Vaginas: SEXUAL EDUCATION [ 1 + 3 ]Focus on the Family","Boys Have Penises, Girls Have Vaginas: SEXUAL EDUCATION [ 1 + 3 ]",Focus on the Family,"islam jihad,christian religion,taliban approved,jihad islam,the mind of the believer,hate group,vagina haters,christian taliban,christian jihad,bowling for bibles",0,1
I can't inspect the hole -- for penetration [2-6]Focus on the Family,I can't inspect the hole -- for penetration [2-6],Focus on the Family,"islam jihad,christian religion,taliban approved,jihad islam,the mind of the believer,hate group,vagina haters,christian taliban,christian jihad,bowling for bibles",0,1
DEEK!! DEEK!!Julie Banderas,DEEK!! DEEK!!,Julie Banderas,"islam jihad,jihad islam,1 Timothy,Fox Television,fox news,2 Timothy,Nahum,Moroni,Malachi,nephi",0,1
"Boys Have Penises, Girls Have Vaginas: SEXUAL EDUCATION [ 3 + 3 ]Focus on the Family","Boys Have Penises, Girls Have Vaginas: SEXUAL EDUCATION [ 3 + 3 ]",Focus on the Family,"islam jihad,christian religion,taliban approved,jihad islam,the mind of the believer,hate group,vagina haters,christian taliban,christian jihad,bowling for bibles",0,1
chapel teaching - scripturesDave DiYanni,chapel teaching - scriptures,Dave DiYanni,"00,youth with a mission,the religious impulse,jihad,0,vineyard,christian religion,jihad islam,islam jihad,taliban approved",0,1
Cavern of LoveJane Skinner,Cavern of Love,Jane Skinner,"nephi,Corinthians,ecclesiastes,Malachi,song of solomon,Fox Television,fox tv,european americans,european american,haggai",0,1
My Vagina has a First Name: It is P.U.S.S.Y.Julie Banderas,My Vagina has a First Name: It is P.U.S.S.Y.,Julie Banderas,"islam jihad,jihad islam,1 Timothy,Fox Television,fox news,2 Timothy,Nahum,Moroni,Malachi,nephi",0,1
Fox News: Fair and BalancedJulie Banderas,Fox News: Fair and Balanced,Julie Banderas,"islam jihad,jihad islam,1 Timothy,Fox Television,fox news,2 Timothy,Nahum,Moroni,Malachi,nephi",0,1
I can't inspect the hole -- for penetration [6-6]James Dobson,I can't inspect the hole -- for penetration [6-6],James Dobson,"anti-gay,bully,hate crimes,repulsed by love,hate group,youth with a mission,the religious impulse,islam jihad,jihad islam,the mind of the believer",0,1
tonight we are going to party like it's 1999Dr. James Dobson,tonight we are going to party like it's 1999,Dr. James Dobson,"hate group,hate crimes,christian taliban,christian jihad,christian religion,word of faith,the religious impulse,vagina haters,teen suicide and self-loathing,the mind of the believer",0,1
chapel teaching - bible -Dave DiYanni,chapel teaching - bible -,Dave DiYanni,"00,youth with a mission,the religious impulse,jihad,0,vineyard,christian religion,jihad islam,islam jihad,taliban approved",0,1
Pickle and MayoTruett Cathy,Pickle and Mayo,Truett Cathy,"homophobia,homophobic,fundagelical,repulsed by love,talibangelical,christian taliban,hymn,mevlid-i,turkish hymn,kerim",0,1
